{
  "workload_name": "llama-8b-1n4g-zero2",
  "nsys_path": "/pscratch/sd/q/qiaox226/ccl-bench/llama_1node_4GPU_zero2",
  "is_single_file": false,
  "num_traces": 1,
  "trace_files": [
    "llama_zero2_comm_trace.nsys-rep"
  ],
  "parallelism_config": {
    "dp_size": 4,
    "tp_size": 1,
    "pp_size": 1,
    "ep_size": 1
  },
  "per_rank_results": {
    "llama_zero2_comm_trace": {
      "trace_file": "llama_zero2_comm_trace.nsys-rep",
      "nccl_calls": {
        "total_nccl_calls": 11541,
        "nccl_call_types": {
          "AllReduce": 10181,
          "AllGather": 196,
          "Broadcast": 1164
        },
        "files_analyzed": [
          "llama_zero2_comm_trace.nsys-rep"
        ]
      },
      "iteration_time": null,
      "comm_breakdown": {
        "total_nccl_time_ms": 133232.100312,
        "total_compute_time_ms": 14741.230722,
        "nccl_breakdown": {
          "DP": {
            "time_ms": 132809.916444,
            "calls": 10377
          },
          "OTHER": {
            "time_ms": 422.183868,
            "calls": 1164
          }
        },
        "files_analyzed": [
          "llama_zero2_comm_trace.nsys-rep"
        ],
        "parallelism_breakdown": {
          "total_time_ms": 132140.617377,
          "compute_time_ms": 9888.620081,
          "comm_DP_time_ms": 57548.353143,
          "comm_TP_time_ms": 0.0,
          "comm_PP_time_ms": 0.0,
          "comm_EP_time_ms": 0.0,
          "comm_OTHER_time_ms": 0.0,
          "idle_time_ms": 72161.297298,
          "overlap_time_ms": 7457.653145,
          "category_counts": {
            "DP": 11541,
            "compute": 461431
          },
          "dp_detail": {
            "DP_param_time_ms": 0.0,
            "DP_grad_time_ms": 0.0,
            "DP_sync_time_ms": 133232.100312
          },
          "stream_roles": {
            "7": "DP_sync",
            "27": "DP_sync"
          },
          "total_comm_time_ms": 57548.353143,
          "compute_ratio": 0.07483406901897209,
          "comm_DP_ratio": 0.4355084324966738,
          "comm_TP_ratio": 0.0,
          "comm_PP_ratio": 0.0,
          "comm_EP_ratio": 0.0,
          "comm_OTHER_ratio": 0.0,
          "idle_ratio": 0.5460947491422891,
          "overlap_ratio": 0.05643725065793478,
          "gpu_utilization": 0.45390525085771094
        },
        "timeline_analysis": {
          "total_time_ms": 132140.617377,
          "comm_only_time_ms": 50090.699998,
          "compute_only_time_ms": 2430.966936,
          "overlap_time_ms": 7457.653145,
          "idle_time_ms": 72161.297298,
          "effective_comm_time_ms": 57548.353143,
          "effective_compute_time_ms": 9888.620081000001,
          "comm_percentage": 43.55084324966738,
          "compute_percentage": 7.483406901897211,
          "overlap_percentage": 5.643725065793478,
          "idle_percentage": 54.609474914228905
        }
      },
      "overlap": {
        "overlap_percentage": 12.95893407491388,
        "total_nccl_time_ns": 57548353143,
        "total_compute_time_ns": 9888620081,
        "overlap_time_ns": 7457653145,
        "is_estimated": false
      },
      "phase_windows": null,
      "traffic_interval": {
        "analysis_mode": "per_iteration",
        "num_iterations": 20,
        "iteration_markers": [
          {
            "iter": 0,
            "name": "DeepSpeedEngine.forward (auto #0)"
          },
          {
            "iter": 1,
            "name": "DeepSpeedEngine.forward (auto #1)"
          },
          {
            "iter": 2,
            "name": "DeepSpeedEngine.forward (auto #2)"
          },
          {
            "iter": 3,
            "name": "DeepSpeedEngine.forward (auto #3)"
          },
          {
            "iter": 4,
            "name": "DeepSpeedEngine.forward (auto #4)"
          }
        ],
        "summary": {
          "num_iterations": 20,
          "total_nccl_events": 11541,
          "events_in_iterations": 9959,
          "per_operation": {
            "AllReduce": {
              "total_calls": 9782,
              "calls_per_iteration": 489.1,
              "duration": {
                "count": 9782,
                "mean_ms": 10.60303518114905,
                "std_ms": 12.001359984331755,
                "min_ms": 0.0088,
                "max_ms": 249.773956,
                "p50_ms": 12.6024405,
                "p95_ms": 12.882529300000002,
                "p99_ms": 103.89945611000002,
                "total_time_ms": 103718.89014200005
              },
              "interval_mean_across_iters": {
                "mean_ms": -6.839094668994451,
                "std_ms": 0.4452860805841685,
                "min_ms": -7.805696054924241,
                "max_ms": -5.670172562814071
              }
            },
            "AllGather": {
              "total_calls": 177,
              "calls_per_iteration": 8.85,
              "duration": {
                "count": 177,
                "mean_ms": 133.17200450847457,
                "std_ms": 313.73175195463654,
                "min_ms": 0.008863,
                "max_ms": 1066.330689,
                "p50_ms": 1.238998,
                "p95_ms": 1017.6919731999999,
                "p99_ms": 1065.65932996,
                "total_time_ms": 23571.44479800001
              },
              "interval_mean_across_iters": {
                "mean_ms": 128.11116686144527,
                "std_ms": 207.0935996621386,
                "min_ms": -38.88196128571429,
                "max_ms": 504.625631
              }
            }
          }
        },
        "per_iteration": {
          "iter_0": {
            "total_events": 538,
            "per_operation": {
              "AllReduce": {
                "duration": {
                  "count": 529,
                  "mean_ms": 11.891216472589793,
                  "std_ms": 20.388716803934802,
                  "min_ms": 0.009536,
                  "max_ms": 249.773956,
                  "p50_ms": 12.615189,
                  "p95_ms": 14.023765599999999,
                  "p99_ms": 89.53349908000206,
                  "total_time_ms": 6290.4535140000025
                },
                "interval": {
                  "count": 528,
                  "mean_ms": -7.805696054924241,
                  "std_ms": 17.59961269775997,
                  "min_ms": -249.751803,
                  "max_ms": 4.992983,
                  "p50_ms": -2.950883,
                  "p95_ms": 1.5565323500000001,
                  "p99_ms": 1.72573728,
                  "positive_count": 132,
                  "negative_count": 396,
                  "positive_mean_ms": 0.6801843333333334,
                  "negative_mean_ms": -10.6343228510101
                }
              },
              "AllGather": {
                "duration": {
                  "count": 9,
                  "mean_ms": 127.60959733333331,
                  "std_ms": 305.96673060673527,
                  "min_ms": 0.016319,
                  "max_ms": 987.632667,
                  "p50_ms": 0.318365,
                  "p95_ms": 633.1105657999997,
                  "p99_ms": 916.7282467599999,
                  "total_time_ms": 1148.486376
                },
                "interval": {
                  "count": 8,
                  "mean_ms": -19.250772875,
                  "std_ms": 36.64587086177496,
                  "min_ms": -101.273584,
                  "max_ms": 6.178953,
                  "p50_ms": -0.0643795,
                  "p95_ms": 4.010782099999997,
                  "p99_ms": 5.745318819999998,
                  "positive_count": 1,
                  "negative_count": 7,
                  "positive_mean_ms": 6.178953,
                  "negative_mean_ms": -22.883590857142853
                }
              }
            }
          },
          "iter_1": {
            "total_events": 538,
            "per_operation": {
              "AllReduce": {
                "duration": {
                  "count": 529,
                  "mean_ms": 10.684412737240075,
                  "std_ms": 11.489599134411797,
                  "min_ms": 0.00976,
                  "max_ms": 104.647102,
                  "p50_ms": 12.604436,
                  "p95_ms": 12.893418999999998,
                  "p99_ms": 87.64962028000156,
                  "total_time_ms": 5652.054338000006
                },
                "interval": {
                  "count": 528,
                  "mean_ms": -7.010505160984849,
                  "std_ms": 10.669573255248714,
                  "min_ms": -104.62228,
                  "max_ms": 1.743484,
                  "p50_ms": -2.6127029999999998,
                  "p95_ms": 1.5778601,
                  "p99_ms": 1.61870716,
                  "positive_count": 132,
                  "negative_count": 396,
                  "positive_mean_ms": 0.6563488863636362,
                  "negative_mean_ms": -9.566123176767677
                }
              },
              "AllGather": {
                "duration": {
                  "count": 9,
                  "mean_ms": 126.22202444444444,
                  "std_ms": 311.7103983409142,
                  "min_ms": 0.011296,
                  "max_ms": 1004.769684,
                  "p50_ms": 1.299125,
                  "p95_ms": 630.5579451999996,
                  "p99_ms": 929.9273362399998,
                  "total_time_ms": 1135.99822
                },
                "interval": {
                  "count": 8,
                  "mean_ms": -15.455499125000003,
                  "std_ms": 28.318576509663647,
                  "min_ms": -69.180529,
                  "max_ms": 6.110281,
                  "p50_ms": -0.037184,
                  "p95_ms": 3.9678854999999964,
                  "p99_ms": 5.681801899999998,
                  "positive_count": 1,
                  "negative_count": 7,
                  "positive_mean_ms": 6.110281,
                  "negative_mean_ms": -18.53632485714286
                }
              }
            }
          },
          "iter_2": {
            "total_events": 538,
            "per_operation": {
              "AllReduce": {
                "duration": {
                  "count": 529,
                  "mean_ms": 10.53529484310019,
                  "std_ms": 11.2770794409484,
                  "min_ms": 0.009824,
                  "max_ms": 104.649329,
                  "p50_ms": 12.608052,
                  "p95_ms": 12.8759354,
                  "p99_ms": 80.16241060000232,
                  "total_time_ms": 5573.170972000003
                },
                "interval": {
                  "count": 528,
                  "mean_ms": -6.924938357954545,
                  "std_ms": 10.530693419688436,
                  "min_ms": -104.641496,
                  "max_ms": 1.748028,
                  "p50_ms": -2.6362135,
                  "p95_ms": 1.59433515,
                  "p99_ms": 1.6199861000000002,
                  "positive_count": 132,
                  "negative_count": 396,
                  "positive_mean_ms": 0.6582629015151515,
                  "negative_mean_ms": -9.452672111111111
                }
              },
              "AllGather": {
                "duration": {
                  "count": 9,
                  "mean_ms": 135.0158401111111,
                  "std_ms": 316.8967640389397,
                  "min_ms": 0.020768,
                  "max_ms": 1024.07039,
                  "p50_ms": 1.940112,
                  "p95_ms": 664.3418923999997,
                  "p99_ms": 952.12469048,
                  "total_time_ms": 1215.1425609999997
                },
                "interval": {
                  "count": 8,
                  "mean_ms": -22.937371624999997,
                  "std_ms": 43.226148807406,
                  "min_ms": -124.701868,
                  "max_ms": 4.965993,
                  "p50_ms": -0.9776805,
                  "p95_ms": 3.2212580499999977,
                  "p99_ms": 4.617046009999999,
                  "positive_count": 1,
                  "negative_count": 7,
                  "positive_mean_ms": 4.965993,
                  "negative_mean_ms": -26.923566571428573
                }
              }
            }
          },
          "iter_3": {
            "total_events": 538,
            "per_operation": {
              "AllReduce": {
                "duration": {
                  "count": 529,
                  "mean_ms": 10.501849304347827,
                  "std_ms": 11.265008768060639,
                  "min_ms": 0.013376,
                  "max_ms": 104.698998,
                  "p50_ms": 12.589111,
                  "p95_ms": 12.877786400000002,
                  "p99_ms": 78.97314376000236,
                  "total_time_ms": 5555.478281999999
                },
                "interval": {
                  "count": 528,
                  "mean_ms": -6.899078210227273,
                  "std_ms": 10.50431770279511,
                  "min_ms": -104.695147,
                  "max_ms": 1.733,
                  "p50_ms": -2.6680374999999996,
                  "p95_ms": 1.56718,
                  "p99_ms": 1.6105219700000002,
                  "positive_count": 132,
                  "negative_count": 396,
                  "positive_mean_ms": 0.650504643939394,
                  "negative_mean_ms": -9.41560582828283
                }
              },
              "AllGather": {
                "duration": {
                  "count": 9,
                  "mean_ms": 136.5971421111111,
                  "std_ms": 312.9905439982396,
                  "min_ms": 0.021024,
                  "max_ms": 1011.637882,
                  "p50_ms": 2.370674,
                  "p95_ms": 667.0957803999997,
                  "p99_ms": 942.72946168,
                  "total_time_ms": 1229.374279
                },
                "interval": {
                  "count": 8,
                  "mean_ms": -26.243505625,
                  "std_ms": 50.84914478413192,
                  "min_ms": -150.305124,
                  "max_ms": 4.879404,
                  "p50_ms": -1.1416425000000001,
                  "p95_ms": 3.1649744999999974,
                  "p99_ms": 4.536518099999999,
                  "positive_count": 1,
                  "negative_count": 7,
                  "positive_mean_ms": 4.879404,
                  "negative_mean_ms": -30.68963557142857
                }
              }
            }
          },
          "iter_4": {
            "total_events": 537,
            "per_operation": {
              "AllReduce": {
                "duration": {
                  "count": 529,
                  "mean_ms": 10.48532770888469,
                  "std_ms": 11.281843139353514,
                  "min_ms": 0.009664,
                  "max_ms": 104.627332,
                  "p50_ms": 12.603788,
                  "p95_ms": 12.876966,
                  "p99_ms": 79.90436360000238,
                  "total_time_ms": 5546.738358000002
                },
                "interval": {
                  "count": 528,
                  "mean_ms": -6.89287115909091,
                  "std_ms": 10.524783512694906,
                  "min_ms": -104.623611,
                  "max_ms": 1.758097,
                  "p50_ms": -2.484319,
                  "p95_ms": 1.58602735,
                  "p99_ms": 1.62325966,
                  "positive_count": 132,
                  "negative_count": 396,
                  "positive_mean_ms": 0.6552873333333333,
                  "negative_mean_ms": -9.40892398989899
                }
              },
              "AllGather": {
                "duration": {
                  "count": 8,
                  "mean_ms": 141.06904175,
                  "std_ms": 318.03816686563005,
                  "min_ms": 0.020928,
                  "max_ms": 978.328799,
                  "p50_ms": 1.2413175,
                  "p95_ms": 666.5924432999996,
                  "p99_ms": 915.9815278599997,
                  "total_time_ms": 1128.5523339999997
                },
                "interval": {
                  "count": 7,
                  "mean_ms": -20.51057942857143,
                  "std_ms": 34.50104147890793,
                  "min_ms": -87.530363,
                  "max_ms": 5.064024,
                  "p50_ms": -0.121282,
                  "p95_ms": 3.5392493999999965,
                  "p99_ms": 4.759069079999997,
                  "positive_count": 1,
                  "negative_count": 6,
                  "positive_mean_ms": 5.064024,
                  "negative_mean_ms": -24.773013333333335
                }
              }
            }
          },
          "iter_5": {
            "total_events": 539,
            "per_operation": {
              "AllGather": {
                "duration": {
                  "count": 10,
                  "mean_ms": 115.38709150000003,
                  "std_ms": 290.49312747390195,
                  "min_ms": 0.009952,
                  "max_ms": 980.043007,
                  "p50_ms": 0.582571,
                  "p95_ms": 591.038260599999,
                  "p99_ms": 902.24205772,
                  "total_time_ms": 1153.870915
                },
                "interval": {
                  "count": 9,
                  "mean_ms": 404.0692001111111,
                  "std_ms": 1202.7053297550365,
                  "min_ms": -115.583103,
                  "max_ms": 3804.129577,
                  "p50_ms": -0.035023,
                  "p95_ms": 2284.675301799999,
                  "p99_ms": 3500.23872196,
                  "positive_count": 2,
                  "negative_count": 7,
                  "positive_mean_ms": 1904.811733,
                  "negative_mean_ms": -24.714380714285717
                }
              },
              "AllReduce": {
                "duration": {
                  "count": 529,
                  "mean_ms": 10.495051198487714,
                  "std_ms": 11.254537880920202,
                  "min_ms": 0.009568,
                  "max_ms": 104.717089,
                  "p50_ms": 12.588664,
                  "p95_ms": 12.8832172,
                  "p99_ms": 78.76157952000234,
                  "total_time_ms": 5551.8820840000035
                },
                "interval": {
                  "count": 528,
                  "mean_ms": -6.89804309469697,
                  "std_ms": 10.494532971812873,
                  "min_ms": -104.656233,
                  "max_ms": 1.754797,
                  "p50_ms": -2.6183255,
                  "p95_ms": 1.5585466499999998,
                  "p99_ms": 1.61333327,
                  "positive_count": 132,
                  "negative_count": 396,
                  "positive_mean_ms": 0.6508368106060606,
                  "negative_mean_ms": -9.414336396464646
                }
              }
            }
          },
          "iter_6": {
            "total_events": 538,
            "per_operation": {
              "AllReduce": {
                "duration": {
                  "count": 529,
                  "mean_ms": 10.492065610586012,
                  "std_ms": 11.247126559077085,
                  "min_ms": 0.009568,
                  "max_ms": 104.690054,
                  "p50_ms": 12.602136,
                  "p95_ms": 12.8772552,
                  "p99_ms": 78.80537468000234,
                  "total_time_ms": 5550.3027079999965
                },
                "interval": {
                  "count": 528,
                  "mean_ms": -6.897604683712121,
                  "std_ms": 10.48973104694895,
                  "min_ms": -104.688099,
                  "max_ms": 1.749885,
                  "p50_ms": -2.6152205,
                  "p95_ms": 1.5920978,
                  "p99_ms": 1.6198423400000002,
                  "positive_count": 132,
                  "negative_count": 396,
                  "positive_mean_ms": 0.654894606060606,
                  "negative_mean_ms": -9.415104446969696
                }
              },
              "AllGather": {
                "duration": {
                  "count": 9,
                  "mean_ms": 128.09051444444447,
                  "std_ms": 310.1906144406768,
                  "min_ms": 0.02064,
                  "max_ms": 1001.114352,
                  "p50_ms": 1.371988,
                  "p95_ms": 636.1578243999996,
                  "p99_ms": 928.12304648,
                  "total_time_ms": 1152.81463
                },
                "interval": {
                  "count": 8,
                  "mean_ms": -18.157738625,
                  "std_ms": 33.10962254898571,
                  "min_ms": -88.676321,
                  "max_ms": 4.937668,
                  "p50_ms": -0.3807425,
                  "p95_ms": 3.2028145999999977,
                  "p99_ms": 4.5906973199999985,
                  "positive_count": 1,
                  "negative_count": 7,
                  "positive_mean_ms": 4.937668,
                  "negative_mean_ms": -21.45708242857143
                }
              }
            }
          },
          "iter_7": {
            "total_events": 538,
            "per_operation": {
              "AllReduce": {
                "duration": {
                  "count": 529,
                  "mean_ms": 10.48026952551985,
                  "std_ms": 11.268755797166495,
                  "min_ms": 0.009728,
                  "max_ms": 104.655759,
                  "p50_ms": 12.603277,
                  "p95_ms": 12.8820966,
                  "p99_ms": 79.37419172000237,
                  "total_time_ms": 5544.062578999997
                },
                "interval": {
                  "count": 528,
                  "mean_ms": -6.889893929924241,
                  "std_ms": 10.507301615025414,
                  "min_ms": -104.650276,
                  "max_ms": 1.714656,
                  "p50_ms": -2.4123455,
                  "p95_ms": 1.5617554500000002,
                  "p99_ms": 1.59000604,
                  "positive_count": 132,
                  "negative_count": 396,
                  "positive_mean_ms": 0.647980696969697,
                  "negative_mean_ms": -9.402518805555555
                }
              },
              "AllGather": {
                "duration": {
                  "count": 9,
                  "mean_ms": 130.95148755555556,
                  "std_ms": 313.1797268765943,
                  "min_ms": 0.016736,
                  "max_ms": 1011.480135,
                  "p50_ms": 2.068943,
                  "p95_ms": 647.9937961999997,
                  "p99_ms": 938.78286724,
                  "total_time_ms": 1178.5633880000003
                },
                "interval": {
                  "count": 8,
                  "mean_ms": -20.041040375,
                  "std_ms": 36.69421195945774,
                  "min_ms": -102.702005,
                  "max_ms": 4.504755,
                  "p50_ms": -0.818474,
                  "p95_ms": 2.923647849999998,
                  "p99_ms": 4.188533569999999,
                  "positive_count": 1,
                  "negative_count": 7,
                  "positive_mean_ms": 4.504755,
                  "negative_mean_ms": -23.547582571428574
                }
              }
            }
          },
          "iter_8": {
            "total_events": 537,
            "per_operation": {
              "AllReduce": {
                "duration": {
                  "count": 529,
                  "mean_ms": 10.49591315500945,
                  "std_ms": 11.271388556493102,
                  "min_ms": 0.009632,
                  "max_ms": 104.679502,
                  "p50_ms": 12.598842,
                  "p95_ms": 12.879787,
                  "p99_ms": 79.53371572000238,
                  "total_time_ms": 5552.338058999997
                },
                "interval": {
                  "count": 528,
                  "mean_ms": -6.900004840909091,
                  "std_ms": 10.51174718031427,
                  "min_ms": -104.666148,
                  "max_ms": 1.733916,
                  "p50_ms": -2.5317439999999998,
                  "p95_ms": 1.5623554999999998,
                  "p99_ms": 1.5921279300000002,
                  "positive_count": 132,
                  "negative_count": 396,
                  "positive_mean_ms": 0.6471530378787879,
                  "negative_mean_ms": -9.415724133838383
                }
              },
              "AllGather": {
                "duration": {
                  "count": 8,
                  "mean_ms": 149.8561015,
                  "std_ms": 326.21251090458253,
                  "min_ms": 0.02288,
                  "max_ms": 1005.642615,
                  "p50_ms": 4.598592,
                  "p95_ms": 698.7173599999995,
                  "p99_ms": 944.2575639999998,
                  "total_time_ms": 1198.848812
                },
                "interval": {
                  "count": 7,
                  "mean_ms": -26.182653285714284,
                  "std_ms": 46.058685503314535,
                  "min_ms": -128.688753,
                  "max_ms": 4.81687,
                  "p50_ms": -0.046782,
                  "p95_ms": 3.3720873999999963,
                  "p99_ms": 4.527913479999998,
                  "positive_count": 2,
                  "negative_count": 5,
                  "positive_mean_ms": 2.408899,
                  "negative_mean_ms": -37.61927419999999
                }
              }
            }
          },
          "iter_9": {
            "total_events": 544,
            "per_operation": {
              "AllGather": {
                "duration": {
                  "count": 15,
                  "mean_ms": 88.48888433333332,
                  "std_ms": 260.0753700797729,
                  "min_ms": 0.009024,
                  "max_ms": 1041.355249,
                  "p50_ms": 2.520428,
                  "p95_ms": 460.2264503999991,
                  "p99_ms": 925.1294892799995,
                  "total_time_ms": 1327.3332649999998
                },
                "interval": {
                  "count": 14,
                  "mean_ms": 250.89462192857147,
                  "std_ms": 981.1817773482798,
                  "min_ms": -211.170617,
                  "max_ms": 3783.084481,
                  "p50_ms": -0.012476000000000001,
                  "p95_ms": 1325.9378708999986,
                  "p99_ms": 3291.655158979997,
                  "positive_count": 5,
                  "negative_count": 9,
                  "positive_mean_ms": 757.5330218000001,
                  "negative_mean_ms": -30.571155777777772
                }
              },
              "AllReduce": {
                "duration": {
                  "count": 529,
                  "mean_ms": 10.518029395085065,
                  "std_ms": 11.266073957374036,
                  "min_ms": 0.009824,
                  "max_ms": 104.716434,
                  "p50_ms": 12.602458,
                  "p95_ms": 12.8686802,
                  "p99_ms": 79.46741592000235,
                  "total_time_ms": 5564.03755
                },
                "interval": {
                  "count": 528,
                  "mean_ms": -6.916353020833333,
                  "std_ms": 10.514559470576831,
                  "min_ms": -104.713294,
                  "max_ms": 1.748041,
                  "p50_ms": -2.700953,
                  "p95_ms": 1.59515265,
                  "p99_ms": 1.62009124,
                  "positive_count": 132,
                  "negative_count": 396,
                  "positive_mean_ms": 0.6559958484848485,
                  "negative_mean_ms": -9.44046931060606
                }
              }
            }
          },
          "iter_10": {
            "total_events": 538,
            "per_operation": {
              "AllGather": {
                "duration": {
                  "count": 9,
                  "mean_ms": 136.31216633333332,
                  "std_ms": 314.6548555479019,
                  "min_ms": 0.008863,
                  "max_ms": 1016.097369,
                  "p50_ms": 1.9332,
                  "p95_ms": 669.9704021999996,
                  "p99_ms": 946.87197564,
                  "total_time_ms": 1226.8094969999997
                },
                "interval": {
                  "count": 8,
                  "mean_ms": 447.99763487499996,
                  "std_ms": 1263.101782818734,
                  "min_ms": -150.75622,
                  "max_ms": 3787.237397,
                  "p50_ms": -0.042496000000000006,
                  "p95_ms": 2463.524538699998,
                  "p99_ms": 3522.494825339999,
                  "positive_count": 2,
                  "negative_count": 6,
                  "positive_mean_ms": 1896.219028,
                  "negative_mean_ms": -34.7428295
                }
              },
              "AllReduce": {
                "duration": {
                  "count": 529,
                  "mean_ms": 10.578789731568996,
                  "std_ms": 11.327376269570735,
                  "min_ms": 0.009792,
                  "max_ms": 104.679242,
                  "p50_ms": 12.598458,
                  "p95_ms": 12.874848199999999,
                  "p99_ms": 83.24024988000201,
                  "total_time_ms": 5596.179767999997
                },
                "interval": {
                  "count": 528,
                  "mean_ms": -6.949913994318182,
                  "std_ms": 10.562207806638659,
                  "min_ms": -104.658032,
                  "max_ms": 1.747397,
                  "p50_ms": -2.7346305,
                  "p95_ms": 1.5628478499999998,
                  "p99_ms": 1.60926669,
                  "positive_count": 132,
                  "negative_count": 396,
                  "positive_mean_ms": 0.6520043636363636,
                  "negative_mean_ms": -9.483886780303031
                }
              }
            }
          },
          "iter_11": {
            "total_events": 539,
            "per_operation": {
              "AllGather": {
                "duration": {
                  "count": 10,
                  "mean_ms": 120.8358775,
                  "std_ms": 301.19354121232624,
                  "min_ms": 0.009856,
                  "max_ms": 1016.006543,
                  "p50_ms": 0.1014395,
                  "p95_ms": 617.952138649999,
                  "p99_ms": 936.3956621300001,
                  "total_time_ms": 1208.3587750000002
                },
                "interval": {
                  "count": 9,
                  "mean_ms": 397.8523981111111,
                  "std_ms": 1192.2654727402894,
                  "min_ms": -131.395731,
                  "max_ms": 3767.907487,
                  "p50_ms": -0.062467,
                  "p95_ms": 2262.6428053999985,
                  "p99_ms": 3466.8545506799996,
                  "positive_count": 2,
                  "negative_count": 7,
                  "positive_mean_ms": 1886.326635,
                  "negative_mean_ms": -27.425955285714284
                }
              },
              "AllReduce": {
                "duration": {
                  "count": 529,
                  "mean_ms": 10.506644644612475,
                  "std_ms": 11.25815672675487,
                  "min_ms": 0.00976,
                  "max_ms": 104.719501,
                  "p50_ms": 12.58763,
                  "p95_ms": 12.8764102,
                  "p99_ms": 79.27830796000237,
                  "total_time_ms": 5558.015017000005
                },
                "interval": {
                  "count": 528,
                  "mean_ms": -6.902726195075758,
                  "std_ms": 10.499904202333944,
                  "min_ms": -104.708498,
                  "max_ms": 1.759932,
                  "p50_ms": -2.599955,
                  "p95_ms": 1.5605094,
                  "p99_ms": 1.6181048800000002,
                  "positive_count": 132,
                  "negative_count": 396,
                  "positive_mean_ms": 0.6515786818181818,
                  "negative_mean_ms": -9.420827820707071
                }
              }
            }
          },
          "iter_12": {
            "total_events": 538,
            "per_operation": {
              "AllReduce": {
                "duration": {
                  "count": 529,
                  "mean_ms": 10.513126240075614,
                  "std_ms": 11.262205973393868,
                  "min_ms": 0.009728,
                  "max_ms": 104.667536,
                  "p50_ms": 12.605019,
                  "p95_ms": 12.8819176,
                  "p99_ms": 79.08623236000236,
                  "total_time_ms": 5561.443780999997
                },
                "interval": {
                  "count": 528,
                  "mean_ms": -6.908939068181819,
                  "std_ms": 10.505550590113316,
                  "min_ms": -104.660055,
                  "max_ms": 1.734998,
                  "p50_ms": -2.5715250000000003,
                  "p95_ms": 1.5656205499999998,
                  "p99_ms": 1.5883932600000001,
                  "positive_count": 132,
                  "negative_count": 396,
                  "positive_mean_ms": 0.6507958560606061,
                  "negative_mean_ms": -9.42885070959596
                }
              },
              "AllGather": {
                "duration": {
                  "count": 9,
                  "mean_ms": 149.04422466666668,
                  "std_ms": 330.3403937990822,
                  "min_ms": 0.011968,
                  "max_ms": 1063.961729,
                  "p50_ms": 0.108191,
                  "p95_ms": 724.5083465999998,
                  "p99_ms": 996.0710525200001,
                  "total_time_ms": 1341.398022
                },
                "interval": {
                  "count": 8,
                  "mean_ms": -33.969198375000005,
                  "std_ms": 71.41140790299889,
                  "min_ms": -215.281517,
                  "max_ms": 4.329837,
                  "p50_ms": -0.0748695,
                  "p95_ms": 2.810506599999998,
                  "p99_ms": 4.025970919999999,
                  "positive_count": 1,
                  "negative_count": 7,
                  "positive_mean_ms": 4.329837,
                  "negative_mean_ms": -39.440489142857146
                }
              }
            }
          },
          "iter_13": {
            "total_events": 537,
            "per_operation": {
              "AllReduce": {
                "duration": {
                  "count": 529,
                  "mean_ms": 10.517609325141779,
                  "std_ms": 11.276082932311512,
                  "min_ms": 0.009503,
                  "max_ms": 104.642169,
                  "p50_ms": 12.598204,
                  "p95_ms": 12.8715564,
                  "p99_ms": 80.21244520000232,
                  "total_time_ms": 5563.815333000006
                },
                "interval": {
                  "count": 528,
                  "mean_ms": -6.906801867424242,
                  "std_ms": 10.5163822290474,
                  "min_ms": -104.639919,
                  "max_ms": 1.730407,
                  "p50_ms": -2.5232349999999997,
                  "p95_ms": 1.5663831499999998,
                  "p99_ms": 1.61554182,
                  "positive_count": 132,
                  "negative_count": 396,
                  "positive_mean_ms": 0.6506326818181818,
                  "negative_mean_ms": -9.425946717171717
                }
              },
              "AllGather": {
                "duration": {
                  "count": 8,
                  "mean_ms": 166.0285655,
                  "std_ms": 346.2150026968107,
                  "min_ms": 0.020704,
                  "max_ms": 1066.330689,
                  "p50_ms": 2.1050385,
                  "p95_ms": 761.9423025999995,
                  "p99_ms": 1005.4530117199996,
                  "total_time_ms": 1328.228524
                },
                "interval": {
                  "count": 7,
                  "mean_ms": -36.33708899999999,
                  "std_ms": 68.8035090939166,
                  "min_ms": -196.600069,
                  "max_ms": 5.312258,
                  "p50_ms": -0.093757,
                  "p95_ms": 3.712912399999996,
                  "p99_ms": 4.992388879999997,
                  "positive_count": 1,
                  "negative_count": 6,
                  "positive_mean_ms": 5.312258,
                  "negative_mean_ms": -43.27864683333332
                }
              }
            }
          },
          "iter_14": {
            "total_events": 537,
            "per_operation": {
              "AllGather": {
                "duration": {
                  "count": 8,
                  "mean_ms": 162.072784,
                  "std_ms": 339.6008923591828,
                  "min_ms": 0.012064,
                  "max_ms": 1046.183635,
                  "p50_ms": 1.886641,
                  "p95_ms": 745.1199598499995,
                  "p99_ms": 985.9708999699998,
                  "total_time_ms": 1296.582272
                },
                "interval": {
                  "count": 7,
                  "mean_ms": 504.625631,
                  "std_ms": 1336.7286641836342,
                  "min_ms": -185.982119,
                  "max_ms": 3775.205698,
                  "p50_ms": -0.088197,
                  "p95_ms": 2643.7792737999976,
                  "p99_ms": 3548.9204131599986,
                  "positive_count": 2,
                  "negative_count": 5,
                  "positive_mean_ms": 1889.494991,
                  "negative_mean_ms": -49.322113
                }
              },
              "AllReduce": {
                "duration": {
                  "count": 529,
                  "mean_ms": 10.527920126654065,
                  "std_ms": 11.254946392652814,
                  "min_ms": 0.009536,
                  "max_ms": 104.638387,
                  "p50_ms": 12.605751,
                  "p95_ms": 12.8716112,
                  "p99_ms": 79.30968784000233,
                  "total_time_ms": 5569.269747000011
                },
                "interval": {
                  "count": 528,
                  "mean_ms": -6.922229700757575,
                  "std_ms": 10.505074282198837,
                  "min_ms": -104.637472,
                  "max_ms": 1.75066,
                  "p50_ms": -3.0367509999999998,
                  "p95_ms": 1.59281245,
                  "p99_ms": 1.61817249,
                  "positive_count": 132,
                  "negative_count": 396,
                  "positive_mean_ms": 0.6560174015151516,
                  "negative_mean_ms": -9.448312068181819
                }
              }
            }
          },
          "iter_15": {
            "total_events": 540,
            "per_operation": {
              "AllGather": {
                "duration": {
                  "count": 11,
                  "mean_ms": 119.93780054545455,
                  "std_ms": 302.7197361601067,
                  "min_ms": 0.009696,
                  "max_ms": 1060.567799,
                  "p50_ms": 0.920344,
                  "p95_ms": 627.5793575,
                  "p99_ms": 973.9701107000003,
                  "total_time_ms": 1319.315806
                },
                "interval": {
                  "count": 10,
                  "mean_ms": 351.7653533,
                  "std_ms": 1140.4633231579264,
                  "min_ms": -194.544991,
                  "max_ms": 3768.62028,
                  "p50_ms": -0.040504,
                  "p95_ms": 2074.798401449996,
                  "p99_ms": 3429.8559042900006,
                  "positive_count": 2,
                  "negative_count": 8,
                  "positive_mean_ms": 1886.5959705,
                  "negative_mean_ms": -31.942301
                }
              },
              "AllReduce": {
                "duration": {
                  "count": 529,
                  "mean_ms": 10.541918052930054,
                  "std_ms": 11.2923465634896,
                  "min_ms": 0.009888,
                  "max_ms": 104.69132,
                  "p50_ms": 12.607311,
                  "p95_ms": 12.879069600000001,
                  "p99_ms": 80.63586248000227,
                  "total_time_ms": 5576.674649999997
                },
                "interval": {
                  "count": 528,
                  "mean_ms": -6.92981218560606,
                  "std_ms": 10.54102811578597,
                  "min_ms": -104.678088,
                  "max_ms": 1.758536,
                  "p50_ms": -2.7038675000000003,
                  "p95_ms": 1.5968123,
                  "p99_ms": 1.61915406,
                  "positive_count": 132,
                  "negative_count": 396,
                  "positive_mean_ms": 0.6577856818181818,
                  "negative_mean_ms": -9.459011474747475
                }
              }
            }
          },
          "iter_16": {
            "total_events": 528,
            "per_operation": {
              "AllReduce": {
                "duration": {
                  "count": 520,
                  "mean_ms": 10.695748071153846,
                  "std_ms": 11.299784445720473,
                  "min_ms": 0.0088,
                  "max_ms": 104.650099,
                  "p50_ms": 12.609133,
                  "p95_ms": 12.8912554,
                  "p99_ms": 87.51669842999524,
                  "total_time_ms": 5561.788997000001
                },
                "interval": {
                  "count": 519,
                  "mean_ms": -7.030004701348748,
                  "std_ms": 10.588588535966705,
                  "min_ms": -104.640449,
                  "max_ms": 1.758447,
                  "p50_ms": -8.025108,
                  "p95_ms": 1.5894183,
                  "p99_ms": 1.62384396,
                  "positive_count": 132,
                  "negative_count": 387,
                  "positive_mean_ms": 0.6566193181818183,
                  "negative_mean_ms": -9.651798940568476
                }
              },
              "AllGather": {
                "duration": {
                  "count": 8,
                  "mean_ms": 166.84892912499998,
                  "std_ms": 346.41339076241377,
                  "min_ms": 0.020544,
                  "max_ms": 1066.136271,
                  "p50_ms": 1.1450625,
                  "p95_ms": 765.1122448999996,
                  "p99_ms": 1005.9314657799998,
                  "total_time_ms": 1334.7914329999999
                },
                "interval": {
                  "count": 7,
                  "mean_ms": -37.61382100000001,
                  "std_ms": 71.87541351033288,
                  "min_ms": -206.021133,
                  "max_ms": 3.627605,
                  "p50_ms": -0.08795,
                  "p95_ms": 2.5337611999999976,
                  "p99_ms": 3.408836239999998,
                  "positive_count": 1,
                  "negative_count": 6,
                  "positive_mean_ms": 3.627605,
                  "negative_mean_ms": -44.48739200000001
                }
              }
            }
          },
          "iter_17": {
            "total_events": 409,
            "per_operation": {
              "AllGather": {
                "duration": {
                  "count": 10,
                  "mean_ms": 130.3598248,
                  "std_ms": 311.08091529194786,
                  "min_ms": 0.011936,
                  "max_ms": 1047.53241,
                  "p50_ms": 0.654811,
                  "p95_ms": 662.2602146999991,
                  "p99_ms": 970.4779709400002,
                  "total_time_ms": 1303.598248
                },
                "interval": {
                  "count": 9,
                  "mean_ms": 392.4885616666667,
                  "std_ms": 1200.0547968360875,
                  "min_ms": -191.32604,
                  "max_ms": 3782.499286,
                  "p50_ms": -0.062479,
                  "p95_ms": 2270.839807199999,
                  "p99_ms": 3480.1673902400003,
                  "positive_count": 2,
                  "negative_count": 7,
                  "positive_mean_ms": 1892.9249375000002,
                  "negative_mean_ms": -36.207545714285715
                }
              },
              "AllReduce": {
                "duration": {
                  "count": 399,
                  "mean_ms": 10.467148914786968,
                  "std_ms": 11.777452687348088,
                  "min_ms": 0.009376,
                  "max_ms": 104.659223,
                  "p50_ms": 12.591612,
                  "p95_ms": 12.881250900000001,
                  "p99_ms": 103.32904391999999,
                  "total_time_ms": 4176.392417000002
                },
                "interval": {
                  "count": 398,
                  "mean_ms": -5.687209922110553,
                  "std_ms": 10.530123103274276,
                  "min_ms": -104.64287,
                  "max_ms": 1.742633,
                  "p50_ms": -0.928176,
                  "p95_ms": 1.5760531,
                  "p99_ms": 1.70838922,
                  "positive_count": 132,
                  "negative_count": 266,
                  "positive_mean_ms": 0.6547866363636362,
                  "negative_mean_ms": -8.834366109022557
                }
              }
            }
          },
          "iter_18": {
            "total_events": 407,
            "per_operation": {
              "AllReduce": {
                "duration": {
                  "count": 399,
                  "mean_ms": 10.46313781453634,
                  "std_ms": 11.799144901545137,
                  "min_ms": 0.009376,
                  "max_ms": 104.599081,
                  "p50_ms": 12.596669,
                  "p95_ms": 12.8671676,
                  "p99_ms": 104.12165564,
                  "total_time_ms": 4174.791988
                },
                "interval": {
                  "count": 398,
                  "mean_ms": -5.670172562814071,
                  "std_ms": 10.54887386778422,
                  "min_ms": -104.591718,
                  "max_ms": 1.763547,
                  "p50_ms": -0.9291465,
                  "p95_ms": 1.5925684,
                  "p99_ms": 1.72023423,
                  "positive_count": 132,
                  "negative_count": 266,
                  "positive_mean_ms": 0.6579395606060606,
                  "negative_mean_ms": -8.810438729323307
                }
              },
              "AllGather": {
                "duration": {
                  "count": 8,
                  "mean_ms": 167.920956125,
                  "std_ms": 346.272113153055,
                  "min_ms": 0.02032,
                  "max_ms": 1065.508717,
                  "p50_ms": 1.47223,
                  "p95_ms": 767.5009054999996,
                  "p99_ms": 1005.9071546999996,
                  "total_time_ms": 1343.367649
                },
                "interval": {
                  "count": 7,
                  "mean_ms": -38.88196128571429,
                  "std_ms": 74.5524144108952,
                  "min_ms": -214.01192,
                  "max_ms": 3.535059,
                  "p50_ms": -0.08904,
                  "p95_ms": 2.4688859999999977,
                  "p99_ms": 3.3218243999999983,
                  "positive_count": 1,
                  "negative_count": 6,
                  "positive_mean_ms": 3.535059,
                  "negative_mean_ms": -45.95146466666667
                }
              }
            }
          },
          "iter_19": {
            "total_events": 1,
            "per_operation": {
              "AllGather": {
                "duration": {
                  "count": 1,
                  "mean_ms": 0.009792,
                  "std_ms": 0.0,
                  "min_ms": 0.009792,
                  "max_ms": 0.009792,
                  "p50_ms": 0.009792,
                  "p95_ms": 0.009792,
                  "p99_ms": 0.009792,
                  "total_time_ms": 0.009792
                },
                "interval": null
              }
            }
          }
        }
      }
    }
  },
  "aggregated": {
    "overlap": {
      "num_ranks": 1,
      "avg_overlap_percentage": 12.95893407491388,
      "min_overlap_percentage": 12.95893407491388,
      "max_overlap_percentage": 12.95893407491388
    }
  }
}