{
  "workload_name": "llama-8b-1n4g-zero3-offload",
  "nsys_path": "/pscratch/sd/q/qiaox226/ccl-bench/llama_3zero_offload",
  "is_single_file": false,
  "num_traces": 1,
  "trace_files": [
    "llama_zero3_offload_comm_trace.nsys-rep"
  ],
  "parallelism_config": {
    "dp_size": 4,
    "tp_size": 1,
    "pp_size": 1,
    "ep_size": 1
  },
  "per_rank_results": {
    "llama_zero3_offload_comm_trace": {
      "trace_file": "llama_zero3_offload_comm_trace.nsys-rep",
      "nccl_calls": {
        "total_nccl_calls": 31430,
        "nccl_call_types": {
          "AllGather": 27512,
          "ReduceScatter": 1322,
          "AllReduce": 240,
          "Broadcast": 2356
        },
        "files_analyzed": [
          "llama_zero3_offload_comm_trace.nsys-rep"
        ]
      },
      "iteration_time": null,
      "comm_breakdown": {
        "total_nccl_time_ms": 40235.837641,
        "total_compute_time_ms": 27202.005395,
        "nccl_breakdown": {
          "DP": {
            "time_ms": 39403.789225,
            "calls": 29074
          },
          "OTHER": {
            "time_ms": 832.048416,
            "calls": 2356
          }
        },
        "files_analyzed": [
          "llama_zero3_offload_comm_trace.nsys-rep"
        ],
        "parallelism_breakdown": {
          "total_time_ms": 93046.23011,
          "compute_time_ms": 12912.176053,
          "comm_DP_time_ms": 13622.158453,
          "comm_TP_time_ms": 0.0,
          "comm_PP_time_ms": 0.0,
          "comm_EP_time_ms": 0.0,
          "comm_OTHER_time_ms": 0.0,
          "idle_time_ms": 72283.520239,
          "overlap_time_ms": 5771.624635,
          "category_counts": {
            "DP": 31430,
            "compute": 635193
          },
          "dp_detail": {
            "DP_param_time_ms": 30432.905023,
            "DP_grad_time_ms": 5534.567115,
            "DP_sync_time_ms": 4268.365503
          },
          "stream_roles": {
            "7": "DP_sync",
            "19": "DP_param",
            "31": "DP_grad"
          },
          "total_comm_time_ms": 13622.158453,
          "compute_ratio": 0.13877161963182302,
          "comm_DP_ratio": 0.14640204591734426,
          "comm_TP_ratio": 0.0,
          "comm_PP_ratio": 0.0,
          "comm_EP_ratio": 0.0,
          "comm_OTHER_ratio": 0.0,
          "idle_ratio": 0.7768559795871992,
          "overlap_ratio": 0.0620296451363665,
          "gpu_utilization": 0.2231440204128008
        },
        "timeline_analysis": {
          "total_time_ms": 93046.23011,
          "comm_only_time_ms": 7850.533818,
          "compute_only_time_ms": 7140.551418,
          "overlap_time_ms": 5771.624635,
          "idle_time_ms": 72283.520239,
          "effective_comm_time_ms": 13622.158453,
          "effective_compute_time_ms": 12912.176053,
          "comm_percentage": 14.640204591734426,
          "compute_percentage": 13.877161963182303,
          "overlap_percentage": 6.20296451363665,
          "idle_percentage": 77.68559795871992
        }
      },
      "overlap": {
        "overlap_percentage": 42.36938408045693,
        "total_nccl_time_ns": 13622158453,
        "total_compute_time_ns": 12912176053,
        "overlap_time_ns": 5771624635,
        "is_estimated": false
      },
      "phase_windows": null,
      "traffic_interval": {
        "analysis_mode": "per_iteration",
        "num_iterations": 40,
        "iteration_markers": [
          {
            "iter": 0,
            "name": "DeepSpeedEngine.forward (auto #0)"
          },
          {
            "iter": 1,
            "name": "DeepSpeedZeroOptimizer_Stage3.step (auto #1)"
          },
          {
            "iter": 2,
            "name": "DeepSpeedEngine.forward (auto #2)"
          },
          {
            "iter": 3,
            "name": "DeepSpeedZeroOptimizer_Stage3.step (auto #3)"
          },
          {
            "iter": 4,
            "name": "DeepSpeedEngine.forward (auto #4)"
          }
        ],
        "summary": {
          "num_iterations": 40,
          "total_nccl_events": 31430,
          "events_in_iterations": 27914,
          "per_operation": {
            "AllGather": {
              "total_calls": 26336,
              "calls_per_iteration": 658.4,
              "duration": {
                "count": 26336,
                "mean_ms": 1.1580707078903403,
                "std_ms": 7.467075978833741,
                "min_ms": 0.007808,
                "max_ms": 179.113544,
                "p50_ms": 0.632926,
                "p95_ms": 2.4930845,
                "p99_ms": 5.1474869000000005,
                "total_time_ms": 30498.950163000256
              },
              "interval_mean_across_iters": {
                "mean_ms": -0.4048544063708527,
                "std_ms": 0.7548915911233155,
                "min_ms": -1.3091206804511273,
                "max_ms": 0.8535279835164835
              }
            },
            "Broadcast": {
              "total_calls": 28,
              "calls_per_iteration": 0.7,
              "duration": {
                "count": 28,
                "mean_ms": 0.4134702142857143,
                "std_ms": 0.7987412485752797,
                "min_ms": 0.005888,
                "max_ms": 2.230101,
                "p50_ms": 0.008416,
                "p95_ms": 2.1938358,
                "p99_ms": 2.22667227,
                "total_time_ms": 11.577165999999998
              },
              "interval_mean_across_iters": {
                "mean_ms": -0.4724398405797102,
                "std_ms": 0.9779994927536232,
                "min_ms": -1.4504393333333334,
                "max_ms": 0.505559652173913
              }
            },
            "ReduceScatter": {
              "total_calls": 1322,
              "calls_per_iteration": 33.05,
              "duration": {
                "count": 1322,
                "mean_ms": 4.186510677004539,
                "std_ms": 1.7578464338663724,
                "min_ms": 0.80822,
                "max_ms": 27.737141,
                "p50_ms": 3.9274195,
                "p95_ms": 6.368025050000003,
                "p99_ms": 12.318005209999999,
                "total_time_ms": 5534.567115000009
              },
              "interval_mean_across_iters": {
                "mean_ms": 15.19183191281301,
                "std_ms": 2.11428214430907,
                "min_ms": 13.841954865671642,
                "max_ms": 20.514415640000003
              }
            },
            "AllReduce": {
              "total_calls": 228,
              "calls_per_iteration": 5.7,
              "duration": {
                "count": 228,
                "mean_ms": 0.2644180921052631,
                "std_ms": 0.28460694940197684,
                "min_ms": 0.00848,
                "max_ms": 1.962935,
                "p50_ms": 0.2103825,
                "p95_ms": 0.8518743999999998,
                "p99_ms": 1.1790461099999998,
                "total_time_ms": 60.28732500000001
              },
              "interval_mean_across_iters": {
                "mean_ms": 0.8807145403409093,
                "std_ms": 2.622644001408694,
                "min_ms": 0.06554554545454544,
                "max_ms": 12.305639454545457
              }
            }
          }
        },
        "per_iteration": {
          "iter_0": {
            "total_events": 3553,
            "per_operation": {
              "AllGather": {
                "duration": {
                  "count": 3481,
                  "mean_ms": 0.5514922976156277,
                  "std_ms": 0.8784919322440742,
                  "min_ms": 0.008096,
                  "max_ms": 44.793584,
                  "p50_ms": 0.532894,
                  "p95_ms": 1.193274,
                  "p99_ms": 1.4528921999999986,
                  "total_time_ms": 1919.7446880000007
                },
                "interval": {
                  "count": 3480,
                  "mean_ms": 0.3370691778735632,
                  "std_ms": 12.379757821395154,
                  "min_ms": -6.546588,
                  "max_ms": 500.837326,
                  "p50_ms": -0.2294535,
                  "p95_ms": 0.5715253499999996,
                  "p99_ms": 1.3081271,
                  "positive_count": 628,
                  "negative_count": 2852,
                  "positive_mean_ms": 3.805854632165605,
                  "negative_mean_ms": -0.4267447300140252
                }
              },
              "Broadcast": {
                "duration": {
                  "count": 4,
                  "mean_ms": 1.6447284999999998,
                  "std_ms": 0.9466332998713123,
                  "min_ms": 0.006624,
                  "max_ms": 2.230101,
                  "p50_ms": 2.1710944999999997,
                  "p95_ms": 2.22819615,
                  "p99_ms": 2.2297200299999997,
                  "total_time_ms": 6.578913999999999
                },
                "interval": {
                  "count": 3,
                  "mean_ms": -1.4504393333333334,
                  "std_ms": 1.021116525824986,
                  "min_ms": -2.2185,
                  "max_ms": -0.007362,
                  "p50_ms": -2.125456,
                  "p95_ms": -0.21917140000000015,
                  "p99_ms": -0.04972388000000003,
                  "positive_count": 0,
                  "negative_count": 3,
                  "positive_mean_ms": 0.0,
                  "negative_mean_ms": -1.4504393333333334
                }
              },
              "ReduceScatter": {
                "duration": {
                  "count": 68,
                  "mean_ms": 3.8536897352941177,
                  "std_ms": 0.8000247116632163,
                  "min_ms": 0.80822,
                  "max_ms": 4.92861,
                  "p50_ms": 3.9067905,
                  "p95_ms": 4.630733599999999,
                  "p99_ms": 4.8471179,
                  "total_time_ms": 262.05090199999995
                },
                "interval": {
                  "count": 67,
                  "mean_ms": 18.230199119402986,
                  "std_ms": 43.03890316073391,
                  "min_ms": -4.62326,
                  "max_ms": 205.708187,
                  "p50_ms": -3.753304,
                  "p95_ms": 93.15027229999995,
                  "p99_ms": 134.92847690000036,
                  "positive_count": 16,
                  "negative_count": 51,
                  "positive_mean_ms": 88.293949,
                  "negative_mean_ms": -3.750585156862745
                }
              }
            }
          },
          "iter_1": {
            "total_events": 275,
            "per_operation": {
              "AllReduce": {
                "duration": {
                  "count": 12,
                  "mean_ms": 0.35999275000000003,
                  "std_ms": 0.30938992198683657,
                  "min_ms": 0.00896,
                  "max_ms": 0.903611,
                  "p50_ms": 0.2935185,
                  "p95_ms": 0.8330701999999999,
                  "p99_ms": 0.8895028400000001,
                  "total_time_ms": 4.319913000000001
                },
                "interval": {
                  "count": 11,
                  "mean_ms": 12.305639454545457,
                  "std_ms": 39.14195123438867,
                  "min_ms": -0.775773,
                  "max_ms": 136.067861,
                  "p50_ms": -0.094901,
                  "p95_ms": 68.8996755,
                  "p99_ms": 122.63422390000004,
                  "positive_count": 2,
                  "negative_count": 9,
                  "positive_mean_ms": 68.8996755,
                  "negative_mean_ms": -0.270813
                }
              },
              "AllGather": {
                "duration": {
                  "count": 263,
                  "mean_ms": 1.8041532661596962,
                  "std_ms": 16.16943075492026,
                  "min_ms": 0.008384,
                  "max_ms": 161.417564,
                  "p50_ms": 0.060288,
                  "p95_ms": 0.0756919,
                  "p99_ms": 53.59121295999938,
                  "total_time_ms": 474.49230899999986
                },
                "interval": {
                  "count": 262,
                  "mean_ms": -1.1457522748091602,
                  "std_ms": 12.849061890803878,
                  "min_ms": -157.006668,
                  "max_ms": 6.554112,
                  "p50_ms": -0.053543499999999994,
                  "p95_ms": 0.0019455499999999999,
                  "p99_ms": 0.00237353,
                  "positive_count": 65,
                  "negative_count": 197,
                  "positive_mean_ms": 0.10231433846153846,
                  "negative_mean_ms": -1.5575509035532995
                }
              }
            }
          },
          "iter_2": {
            "total_events": 1065,
            "per_operation": {
              "AllGather": {
                "duration": {
                  "count": 973,
                  "mean_ms": 1.7266943134635149,
                  "std_ms": 1.8651326589596726,
                  "min_ms": 0.007808,
                  "max_ms": 21.633396,
                  "p50_ms": 1.241114,
                  "p95_ms": 5.7883742,
                  "p99_ms": 6.556053279999974,
                  "total_time_ms": 1680.0735669999974
                },
                "interval": {
                  "count": 972,
                  "mean_ms": 0.03546613683127557,
                  "std_ms": 6.979517619723057,
                  "min_ms": -17.116211,
                  "max_ms": 63.749656,
                  "p50_ms": -0.6356310000000001,
                  "p95_ms": 1.7337800499999987,
                  "p99_ms": 51.29595355,
                  "positive_count": 117,
                  "negative_count": 855,
                  "positive_mean_ms": 9.845095863247865,
                  "negative_mean_ms": -1.3069042467836258
                }
              },
              "Broadcast": {
                "duration": {
                  "count": 24,
                  "mean_ms": 0.20826049999999996,
                  "std_ms": 0.5478952673094405,
                  "min_ms": 0.005888,
                  "max_ms": 2.15007,
                  "p50_ms": 0.008368,
                  "p95_ms": 1.6105952999999977,
                  "p99_ms": 2.06419467,
                  "total_time_ms": 4.998251999999999
                },
                "interval": {
                  "count": 23,
                  "mean_ms": 0.505559652173913,
                  "std_ms": 2.195092874504137,
                  "min_ms": -2.029531,
                  "max_ms": 10.125672,
                  "p50_ms": 0.030381,
                  "p95_ms": 1.6862986999999994,
                  "p99_ms": 8.27816282000001,
                  "positive_count": 14,
                  "negative_count": 9,
                  "positive_mean_ms": 1.1461447142857142,
                  "negative_mean_ms": -0.49090600000000006
                }
              },
              "ReduceScatter": {
                "duration": {
                  "count": 68,
                  "mean_ms": 5.029361897058823,
                  "std_ms": 3.5679975818328904,
                  "min_ms": 0.823099,
                  "max_ms": 27.737141,
                  "p50_ms": 4.628229,
                  "p95_ms": 6.136905349999999,
                  "p99_ms": 21.899711059999987,
                  "total_time_ms": 341.9966089999999
                },
                "interval": {
                  "count": 67,
                  "mean_ms": 17.74610932835821,
                  "std_ms": 41.66257531915761,
                  "min_ms": -19.012141,
                  "max_ms": 108.322243,
                  "p50_ms": -3.705317,
                  "p95_ms": 104.97290339999995,
                  "p99_ms": 108.1325128,
                  "positive_count": 16,
                  "negative_count": 51,
                  "positive_mean_ms": 88.94268187499999,
                  "negative_mean_ms": -4.5900702941176466
                }
              }
            }
          },
          "iter_3": {
            "total_events": 275,
            "per_operation": {
              "AllReduce": {
                "duration": {
                  "count": 12,
                  "mean_ms": 0.24049516666666662,
                  "std_ms": 0.296159878636476,
                  "min_ms": 0.00848,
                  "max_ms": 1.134811,
                  "p50_ms": 0.19263999999999998,
                  "p95_ms": 0.7395694499999995,
                  "p99_ms": 1.0557626900000006,
                  "total_time_ms": 2.8859419999999996
                },
                "interval": {
                  "count": 11,
                  "mean_ms": 0.2857968181818182,
                  "std_ms": 0.9026768457478233,
                  "min_ms": -0.328082,
                  "max_ms": 2.645317,
                  "p50_ms": -0.062384,
                  "p95_ms": 2.132537,
                  "p99_ms": 2.542761,
                  "positive_count": 2,
                  "negative_count": 9,
                  "positive_mean_ms": 2.132537,
                  "negative_mean_ms": -0.12458988888888888
                }
              },
              "AllGather": {
                "duration": {
                  "count": 263,
                  "mean_ms": 1.8896583802281366,
                  "std_ms": 16.912429887412383,
                  "min_ms": 0.010784,
                  "max_ms": 167.721129,
                  "p50_ms": 0.060639,
                  "p95_ms": 0.0737248,
                  "p99_ms": 56.52660999999936,
                  "total_time_ms": 496.9801540000004
                },
                "interval": {
                  "count": 262,
                  "mean_ms": -1.2110865801526718,
                  "std_ms": 13.48825479851036,
                  "min_ms": -165.023944,
                  "max_ms": 4.934568,
                  "p50_ms": -0.0532015,
                  "p95_ms": 0.0009769,
                  "p99_ms": 0.0012493099999999996,
                  "positive_count": 46,
                  "negative_count": 216,
                  "positive_mean_ms": 0.10790210869565216,
                  "negative_mean_ms": -1.4919823194444444
                }
              }
            }
          },
          "iter_4": {
            "total_events": 1041,
            "per_operation": {
              "AllGather": {
                "duration": {
                  "count": 973,
                  "mean_ms": 1.0444416690647482,
                  "std_ms": 0.8575217570494243,
                  "min_ms": 0.010144,
                  "max_ms": 8.382774,
                  "p50_ms": 0.735422,
                  "p95_ms": 2.818322199999998,
                  "p99_ms": 4.6047806,
                  "total_time_ms": 1016.2417440000005
                },
                "interval": {
                  "count": 972,
                  "mean_ms": 0.27008825925925917,
                  "std_ms": 6.262518767212649,
                  "min_ms": -6.021041,
                  "max_ms": 57.727335,
                  "p50_ms": -0.5998535,
                  "p95_ms": 1.3115209499999982,
                  "p99_ms": 50.14221456,
                  "positive_count": 129,
                  "negative_count": 843,
                  "positive_mean_ms": 7.3564523023255814,
                  "negative_mean_ms": -0.8143019679715302
                }
              },
              "ReduceScatter": {
                "duration": {
                  "count": 68,
                  "mean_ms": 3.9947225000000004,
                  "std_ms": 1.2052857849255028,
                  "min_ms": 0.821083,
                  "max_ms": 8.712852,
                  "p50_ms": 3.8311374999999996,
                  "p95_ms": 5.62406015,
                  "p99_ms": 8.326864999999998,
                  "total_time_ms": 271.64113
                },
                "interval": {
                  "count": 67,
                  "mean_ms": 14.202282358208956,
                  "std_ms": 33.37041495019166,
                  "min_ms": -8.148742,
                  "max_ms": 86.013787,
                  "p50_ms": -3.660989,
                  "p95_ms": 81.68209769999997,
                  "p99_ms": 84.651019,
                  "positive_count": 16,
                  "negative_count": 51,
                  "positive_mean_ms": 71.736111625,
                  "negative_mean_ms": -3.847546431372549
                }
              }
            }
          },
          "iter_5": {
            "total_events": 276,
            "per_operation": {
              "AllReduce": {
                "duration": {
                  "count": 12,
                  "mean_ms": 0.26419641666666666,
                  "std_ms": 0.30046063833483483,
                  "min_ms": 0.008576,
                  "max_ms": 1.158747,
                  "p50_ms": 0.1870235,
                  "p95_ms": 0.7277422499999995,
                  "p99_ms": 1.0725460500000004,
                  "total_time_ms": 3.170356999999999
                },
                "interval": {
                  "count": 11,
                  "mean_ms": 0.23556718181818181,
                  "std_ms": 0.8662752291133698,
                  "min_ms": -0.373836,
                  "max_ms": 2.433303,
                  "p50_ms": -0.081173,
                  "p95_ms": 2.0145065,
                  "p99_ms": 2.3495437,
                  "positive_count": 2,
                  "negative_count": 9,
                  "positive_mean_ms": 2.0145065,
                  "negative_mean_ms": -0.15975266666666668
                }
              },
              "AllGather": {
                "duration": {
                  "count": 264,
                  "mean_ms": 1.8628155151515153,
                  "std_ms": 16.851303536278248,
                  "min_ms": 0.007936,
                  "max_ms": 165.698775,
                  "p50_ms": 0.058095999999999995,
                  "p95_ms": 0.07793515,
                  "p99_ms": 56.14674507000067,
                  "total_time_ms": 491.78329599999984
                },
                "interval": {
                  "count": 263,
                  "mean_ms": -1.2015645817490497,
                  "std_ms": 13.519522217013899,
                  "min_ms": -160.971082,
                  "max_ms": 4.918382,
                  "p50_ms": -0.05472,
                  "p95_ms": 0.0020328,
                  "p99_ms": 0.00229338,
                  "positive_count": 65,
                  "negative_count": 198,
                  "positive_mean_ms": 0.07717424615384616,
                  "negative_mean_ms": -1.6213525808080806
                }
              }
            }
          },
          "iter_6": {
            "total_events": 1040,
            "per_operation": {
              "AllGather": {
                "duration": {
                  "count": 972,
                  "mean_ms": 1.0429289125514403,
                  "std_ms": 0.8492559481598212,
                  "min_ms": 0.188287,
                  "max_ms": 6.099043,
                  "p50_ms": 0.744173,
                  "p95_ms": 3.2249293499999987,
                  "p99_ms": 4.64881471,
                  "total_time_ms": 1013.7269029999982
                },
                "interval": {
                  "count": 971,
                  "mean_ms": 0.2656442996910401,
                  "std_ms": 6.25427565993767,
                  "min_ms": -6.056613,
                  "max_ms": 56.774862,
                  "p50_ms": -0.582057,
                  "p95_ms": 1.356353,
                  "p99_ms": 50.07941459999999,
                  "positive_count": 129,
                  "negative_count": 842,
                  "positive_mean_ms": 7.370201565891472,
                  "negative_mean_ms": -0.8228211247030879
                }
              },
              "ReduceScatter": {
                "duration": {
                  "count": 68,
                  "mean_ms": 4.009884911764706,
                  "std_ms": 1.155221917680853,
                  "min_ms": 0.81635,
                  "max_ms": 9.261644,
                  "p50_ms": 3.9007709999999998,
                  "p95_ms": 5.34997365,
                  "p99_ms": 8.282503319999996,
                  "total_time_ms": 272.672174
                },
                "interval": {
                  "count": 67,
                  "mean_ms": 14.193725791044779,
                  "std_ms": 33.3746771161028,
                  "min_ms": -7.791228,
                  "max_ms": 84.631946,
                  "p50_ms": -3.683736,
                  "p95_ms": 81.44395159999998,
                  "p99_ms": 84.3787931,
                  "positive_count": 16,
                  "negative_count": 51,
                  "positive_mean_ms": 71.75823187499999,
                  "negative_mean_ms": -3.865727098039215
                }
              }
            }
          },
          "iter_7": {
            "total_events": 276,
            "per_operation": {
              "AllReduce": {
                "duration": {
                  "count": 12,
                  "mean_ms": 0.22814016666666667,
                  "std_ms": 0.1921247051929351,
                  "min_ms": 0.009152,
                  "max_ms": 0.731548,
                  "p50_ms": 0.250495,
                  "p95_ms": 0.5074658999999997,
                  "p99_ms": 0.6867315800000002,
                  "total_time_ms": 2.737682
                },
                "interval": {
                  "count": 11,
                  "mean_ms": 0.2796823636363637,
                  "std_ms": 0.9505986339830356,
                  "min_ms": -0.301373,
                  "max_ms": 2.764888,
                  "p50_ms": -0.112542,
                  "p95_ms": 2.222982,
                  "p99_ms": 2.6565068000000003,
                  "positive_count": 2,
                  "negative_count": 9,
                  "positive_mean_ms": 2.222982,
                  "negative_mean_ms": -0.15216200000000002
                }
              },
              "AllGather": {
                "duration": {
                  "count": 264,
                  "mean_ms": 1.9122124128787872,
                  "std_ms": 17.27907993523271,
                  "min_ms": 0.007904,
                  "max_ms": 171.722255,
                  "p50_ms": 0.0631035,
                  "p95_ms": 0.0795552,
                  "p99_ms": 55.874999800000666,
                  "total_time_ms": 504.8240769999995
                },
                "interval": {
                  "count": 263,
                  "mean_ms": -1.2247497414448667,
                  "std_ms": 13.777657925999137,
                  "min_ms": -168.52988,
                  "max_ms": 4.864337,
                  "p50_ms": -0.055991,
                  "p95_ms": 0.0019464999999999997,
                  "p99_ms": 0.00208378,
                  "positive_count": 65,
                  "negative_count": 198,
                  "positive_mean_ms": 0.07620652307692308,
                  "negative_mean_ms": -1.6518313434343435
                }
              }
            }
          },
          "iter_8": {
            "total_events": 1040,
            "per_operation": {
              "AllGather": {
                "duration": {
                  "count": 972,
                  "mean_ms": 1.23926779218107,
                  "std_ms": 1.0478126071225164,
                  "min_ms": 0.182783,
                  "max_ms": 8.446615,
                  "p50_ms": 0.81851,
                  "p95_ms": 3.7772520499999995,
                  "p99_ms": 5.074694619999998,
                  "total_time_ms": 1204.5682939999979
                },
                "interval": {
                  "count": 971,
                  "mean_ms": 0.09968729145211133,
                  "std_ms": 6.293413183940701,
                  "min_ms": -7.038556,
                  "max_ms": 56.956071,
                  "p50_ms": -0.595015,
                  "p95_ms": 1.41775,
                  "p99_ms": 50.0761304,
                  "positive_count": 108,
                  "negative_count": 863,
                  "positive_mean_ms": 8.54280149074074,
                  "negative_mean_ms": -0.9569249142526072
                }
              },
              "ReduceScatter": {
                "duration": {
                  "count": 68,
                  "mean_ms": 4.569599573529413,
                  "std_ms": 1.7144149903584014,
                  "min_ms": 0.823739,
                  "max_ms": 11.341033,
                  "p50_ms": 4.1677040000000005,
                  "p95_ms": 7.75138375,
                  "p99_ms": 10.383675359999998,
                  "total_time_ms": 310.73277099999996
                },
                "interval": {
                  "count": 67,
                  "mean_ms": 13.841954865671642,
                  "std_ms": 33.634849039679494,
                  "min_ms": -9.89629,
                  "max_ms": 85.025768,
                  "p50_ms": -3.686046,
                  "p95_ms": 81.56907869999998,
                  "p99_ms": 84.68808956,
                  "positive_count": 16,
                  "negative_count": 51,
                  "positive_mean_ms": 71.8551415,
                  "negative_mean_ms": -4.358260549019608
                }
              }
            }
          },
          "iter_9": {
            "total_events": 278,
            "per_operation": {
              "AllReduce": {
                "duration": {
                  "count": 12,
                  "mean_ms": 0.1833725833333333,
                  "std_ms": 0.1577192951641504,
                  "min_ms": 0.00864,
                  "max_ms": 0.584445,
                  "p50_ms": 0.1774715,
                  "p95_ms": 0.4289847499999998,
                  "p99_ms": 0.5533529500000002,
                  "total_time_ms": 2.200471
                },
                "interval": {
                  "count": 11,
                  "mean_ms": 0.27624709090909094,
                  "std_ms": 0.8875158629570776,
                  "min_ms": -0.290523,
                  "max_ms": 2.647425,
                  "p50_ms": -0.072648,
                  "p95_ms": 2.076309,
                  "p99_ms": 2.5332018000000005,
                  "positive_count": 2,
                  "negative_count": 9,
                  "positive_mean_ms": 2.076309,
                  "negative_mean_ms": -0.12376666666666668
                }
              },
              "AllGather": {
                "duration": {
                  "count": 266,
                  "mean_ms": 2.0470125112781954,
                  "std_ms": 18.184392909081488,
                  "min_ms": 0.01024,
                  "max_ms": 179.113544,
                  "p50_ms": 0.065136,
                  "p95_ms": 0.083415,
                  "p99_ms": 59.347692950003456,
                  "total_time_ms": 544.5053279999992
                },
                "interval": {
                  "count": 265,
                  "mean_ms": -1.307216686792453,
                  "std_ms": 14.606369695063686,
                  "min_ms": -178.599038,
                  "max_ms": 6.167063,
                  "p50_ms": -0.055205,
                  "p95_ms": 0.0005085999999999999,
                  "p99_ms": 0.0009094400000000018,
                  "positive_count": 35,
                  "negative_count": 230,
                  "positive_mean_ms": 0.19694679999999998,
                  "negative_mean_ms": -1.5361111304347828
                }
              }
            }
          },
          "iter_10": {
            "total_events": 1038,
            "per_operation": {
              "AllGather": {
                "duration": {
                  "count": 970,
                  "mean_ms": 1.0878366268041237,
                  "std_ms": 1.0632477495699775,
                  "min_ms": 0.179616,
                  "max_ms": 10.143764,
                  "p50_ms": 0.7362375,
                  "p95_ms": 3.49650575,
                  "p99_ms": 5.126134439999999,
                  "total_time_ms": 1055.2015279999987
                },
                "interval": {
                  "count": 969,
                  "mean_ms": 0.24560634881320947,
                  "std_ms": 6.303601678508215,
                  "min_ms": -9.053,
                  "max_ms": 57.369467,
                  "p50_ms": -0.569236,
                  "p95_ms": 1.3508193999999976,
                  "p99_ms": 50.273334000000006,
                  "positive_count": 121,
                  "negative_count": 848,
                  "positive_mean_ms": 7.8018316446280975,
                  "negative_mean_ms": -0.832581458726415
                }
              },
              "ReduceScatter": {
                "duration": {
                  "count": 68,
                  "mean_ms": 4.302497588235295,
                  "std_ms": 1.985882802891059,
                  "min_ms": 0.81942,
                  "max_ms": 12.276136,
                  "p50_ms": 3.9099605,
                  "p95_ms": 9.130084349999999,
                  "p99_ms": 12.082373339999998,
                  "total_time_ms": 292.56983600000007
                },
                "interval": {
                  "count": 67,
                  "mean_ms": 14.146986791044778,
                  "std_ms": 33.74010523478513,
                  "min_ms": -11.965791,
                  "max_ms": 84.902358,
                  "p50_ms": -3.626715,
                  "p95_ms": 81.73657929999999,
                  "p99_ms": 84.44688936,
                  "positive_count": 16,
                  "negative_count": 51,
                  "positive_mean_ms": 72.3062145625,
                  "negative_mean_ms": -4.099045450980392
                }
              }
            }
          },
          "iter_11": {
            "total_events": 275,
            "per_operation": {
              "AllReduce": {
                "duration": {
                  "count": 12,
                  "mean_ms": 0.15388716666666666,
                  "std_ms": 0.12139554718071646,
                  "min_ms": 0.00896,
                  "max_ms": 0.397021,
                  "p50_ms": 0.171551,
                  "p95_ms": 0.34082529999999994,
                  "p99_ms": 0.3857818600000001,
                  "total_time_ms": 1.846646
                },
                "interval": {
                  "count": 11,
                  "mean_ms": 0.3179029090909091,
                  "std_ms": 0.9316440126691442,
                  "min_ms": -0.263327,
                  "max_ms": 2.780754,
                  "p50_ms": -0.026029,
                  "p95_ms": 2.2202875,
                  "p99_ms": 2.6686607,
                  "positive_count": 2,
                  "negative_count": 9,
                  "positive_mean_ms": 2.2202875,
                  "negative_mean_ms": -0.10484922222222222
                }
              },
              "AllGather": {
                "duration": {
                  "count": 263,
                  "mean_ms": 1.9313319695817488,
                  "std_ms": 17.38091141884009,
                  "min_ms": 0.008384,
                  "max_ms": 174.177828,
                  "p50_ms": 0.060896,
                  "p95_ms": 0.0814464,
                  "p99_ms": 57.00005939999935,
                  "total_time_ms": 507.94030799999996
                },
                "interval": {
                  "count": 262,
                  "mean_ms": -1.2288034389312978,
                  "std_ms": 13.775495978324493,
                  "min_ms": -169.675497,
                  "max_ms": 5.106635,
                  "p50_ms": -0.0547715,
                  "p95_ms": 0.0017509,
                  "p99_ms": 0.00218895,
                  "positive_count": 64,
                  "negative_count": 198,
                  "positive_mean_ms": 0.081017671875,
                  "negative_mean_ms": -1.6521799595959596
                }
              }
            }
          },
          "iter_12": {
            "total_events": 1041,
            "per_operation": {
              "AllGather": {
                "duration": {
                  "count": 973,
                  "mean_ms": 1.0458937646454267,
                  "std_ms": 1.0628568216095602,
                  "min_ms": 0.007968,
                  "max_ms": 13.208801,
                  "p50_ms": 0.70102,
                  "p95_ms": 3.4865867999999995,
                  "p99_ms": 5.03319828,
                  "total_time_ms": 1017.6546329999992
                },
                "interval": {
                  "count": 972,
                  "mean_ms": 0.2609926306584362,
                  "std_ms": 6.25638119865457,
                  "min_ms": -9.681666,
                  "max_ms": 57.037247,
                  "p50_ms": -0.566227,
                  "p95_ms": 1.4186219499999997,
                  "p99_ms": 50.04754456999999,
                  "positive_count": 128,
                  "negative_count": 844,
                  "positive_mean_ms": 7.384534453125,
                  "negative_mean_ms": -0.8193549443127963
                }
              },
              "ReduceScatter": {
                "duration": {
                  "count": 68,
                  "mean_ms": 4.0928574705882355,
                  "std_ms": 1.8468121601204623,
                  "min_ms": 0.818205,
                  "max_ms": 13.240226,
                  "p50_ms": 3.8801129999999997,
                  "p95_ms": 4.874516699999999,
                  "p99_ms": 12.9370577,
                  "total_time_ms": 278.31430799999987
                },
                "interval": {
                  "count": 67,
                  "mean_ms": 14.075919507462686,
                  "std_ms": 33.30018524629222,
                  "min_ms": -12.771224,
                  "max_ms": 83.86575,
                  "p50_ms": -3.663333,
                  "p95_ms": 81.13821929999997,
                  "p99_ms": 83.81092050000001,
                  "positive_count": 16,
                  "negative_count": 51,
                  "positive_mean_ms": 71.4863934375,
                  "negative_mean_ms": -3.9352095686274513
                }
              }
            }
          },
          "iter_13": {
            "total_events": 276,
            "per_operation": {
              "AllReduce": {
                "duration": {
                  "count": 12,
                  "mean_ms": 0.5329977499999999,
                  "std_ms": 0.5650406651000328,
                  "min_ms": 0.009152,
                  "max_ms": 1.962935,
                  "p50_ms": 0.351919,
                  "p95_ms": 1.5604944999999995,
                  "p99_ms": 1.8824469000000004,
                  "total_time_ms": 6.395973
                },
                "interval": {
                  "count": 11,
                  "mean_ms": 0.06554554545454544,
                  "std_ms": 1.0885240621884098,
                  "min_ms": -1.232168,
                  "max_ms": 2.707762,
                  "p50_ms": -0.257793,
                  "p95_ms": 2.175072,
                  "p99_ms": 2.601224,
                  "positive_count": 2,
                  "negative_count": 9,
                  "positive_mean_ms": 2.175072,
                  "negative_mean_ms": -0.40323811111111113
                }
              },
              "AllGather": {
                "duration": {
                  "count": 264,
                  "mean_ms": 1.8898551742424246,
                  "std_ms": 17.181667289470315,
                  "min_ms": 0.007936,
                  "max_ms": 173.206094,
                  "p50_ms": 0.0583675,
                  "p95_ms": 0.06943985,
                  "p99_ms": 55.89160061000067,
                  "total_time_ms": 498.92176599999965
                },
                "interval": {
                  "count": 263,
                  "mean_ms": -1.1993867110266159,
                  "std_ms": 13.58348547536791,
                  "min_ms": -162.917884,
                  "max_ms": 5.287943,
                  "p50_ms": -0.032267,
                  "p95_ms": 0.002157999999999998,
                  "p99_ms": 0.00258738,
                  "positive_count": 65,
                  "negative_count": 198,
                  "positive_mean_ms": 0.08301223076923078,
                  "negative_mean_ms": -1.6203762626262626
                }
              }
            }
          },
          "iter_14": {
            "total_events": 1040,
            "per_operation": {
              "AllGather": {
                "duration": {
                  "count": 972,
                  "mean_ms": 1.1234913106995885,
                  "std_ms": 1.131574716549065,
                  "min_ms": 0.176159,
                  "max_ms": 12.670308,
                  "p50_ms": 0.744511,
                  "p95_ms": 3.5400356,
                  "p99_ms": 4.7076418799999935,
                  "total_time_ms": 1092.0335539999999
                },
                "interval": {
                  "count": 971,
                  "mean_ms": 0.1973505911431513,
                  "std_ms": 6.317099189878876,
                  "min_ms": -10.716565,
                  "max_ms": 58.335847,
                  "p50_ms": -0.5859,
                  "p95_ms": 1.36064,
                  "p99_ms": 50.2049569,
                  "positive_count": 121,
                  "negative_count": 850,
                  "positive_mean_ms": 7.823041991735537,
                  "negative_mean_ms": -0.8881890082352941
                }
              },
              "ReduceScatter": {
                "duration": {
                  "count": 68,
                  "mean_ms": 4.2645198382352945,
                  "std_ms": 2.0530437590033,
                  "min_ms": 0.816319,
                  "max_ms": 13.912718,
                  "p50_ms": 3.942633,
                  "p95_ms": 5.2541037500000005,
                  "p99_ms": 13.104873539999998,
                  "total_time_ms": 289.98734900000005
                },
                "interval": {
                  "count": 67,
                  "mean_ms": 14.118118268656717,
                  "std_ms": 33.7052010195535,
                  "min_ms": -12.724392,
                  "max_ms": 85.057866,
                  "p50_ms": -3.655478,
                  "p95_ms": 81.51621069999997,
                  "p99_ms": 84.40282128000001,
                  "positive_count": 16,
                  "negative_count": 51,
                  "positive_mean_ms": 72.2094025625,
                  "negative_mean_ms": -4.106598372549019
                }
              }
            }
          },
          "iter_15": {
            "total_events": 279,
            "per_operation": {
              "AllReduce": {
                "duration": {
                  "count": 12,
                  "mean_ms": 0.36751583333333326,
                  "std_ms": 0.3216164106737075,
                  "min_ms": 0.009184,
                  "max_ms": 1.142907,
                  "p50_ms": 0.322831,
                  "p95_ms": 0.9740349999999998,
                  "p99_ms": 1.1091326000000001,
                  "total_time_ms": 4.41019
                },
                "interval": {
                  "count": 11,
                  "mean_ms": 0.16982445454545456,
                  "std_ms": 1.0072050435252962,
                  "min_ms": -0.836769,
                  "max_ms": 2.715282,
                  "p50_ms": -0.258926,
                  "p95_ms": 2.198944,
                  "p99_ms": 2.6120144000000005,
                  "positive_count": 2,
                  "negative_count": 9,
                  "positive_mean_ms": 2.198944,
                  "negative_mean_ms": -0.28109100000000004
                }
              },
              "AllGather": {
                "duration": {
                  "count": 267,
                  "mean_ms": 2.039853112359551,
                  "std_ms": 17.761625762730976,
                  "min_ms": 0.010176,
                  "max_ms": 177.064201,
                  "p50_ms": 0.063424,
                  "p95_ms": 0.0783286,
                  "p99_ms": 57.459511799996235,
                  "total_time_ms": 544.6407809999997
                },
                "interval": {
                  "count": 266,
                  "mean_ms": -1.3091206804511273,
                  "std_ms": 14.183574603110287,
                  "min_ms": -171.116188,
                  "max_ms": 5.047101,
                  "p50_ms": -0.0541845,
                  "p95_ms": 0.00083625,
                  "p99_ms": 0.001319800000000002,
                  "positive_count": 48,
                  "negative_count": 218,
                  "positive_mean_ms": 0.12104231249999998,
                  "negative_mean_ms": -1.6240189541284404
                }
              }
            }
          },
          "iter_16": {
            "total_events": 1037,
            "per_operation": {
              "AllGather": {
                "duration": {
                  "count": 969,
                  "mean_ms": 0.9958004654282765,
                  "std_ms": 0.8762382824511965,
                  "min_ms": 0.184064,
                  "max_ms": 11.309132,
                  "p50_ms": 0.727551,
                  "p95_ms": 2.4658159999999945,
                  "p99_ms": 4.796067359999998,
                  "total_time_ms": 964.9306509999997
                },
                "interval": {
                  "count": 968,
                  "mean_ms": 0.3475266208677684,
                  "std_ms": 6.267629381231992,
                  "min_ms": -8.863558,
                  "max_ms": 57.664188,
                  "p50_ms": -0.564191,
                  "p95_ms": 1.4941552999999999,
                  "p99_ms": 50.30366267000001,
                  "positive_count": 127,
                  "negative_count": 841,
                  "positive_mean_ms": 7.493265944881889,
                  "negative_mean_ms": -0.7315564875148632
                }
              },
              "ReduceScatter": {
                "duration": {
                  "count": 68,
                  "mean_ms": 4.537805558823528,
                  "std_ms": 2.4723152852818915,
                  "min_ms": 0.819903,
                  "max_ms": 16.78157,
                  "p50_ms": 4.0373475,
                  "p95_ms": 7.9011333499999985,
                  "p99_ms": 15.084877409999997,
                  "total_time_ms": 308.57077799999996
                },
                "interval": {
                  "count": 67,
                  "mean_ms": 14.097293895522391,
                  "std_ms": 33.91850462570489,
                  "min_ms": -14.246651,
                  "max_ms": 87.701971,
                  "p50_ms": -3.673523,
                  "p95_ms": 82.19845579999999,
                  "p99_ms": 85.573372,
                  "positive_count": 16,
                  "negative_count": 51,
                  "positive_mean_ms": 72.53858475,
                  "negative_mean_ms": -4.237228725490196
                }
              }
            }
          },
          "iter_17": {
            "total_events": 277,
            "per_operation": {
              "AllReduce": {
                "duration": {
                  "count": 12,
                  "mean_ms": 0.17948725,
                  "std_ms": 0.13943390660221122,
                  "min_ms": 0.009312,
                  "max_ms": 0.482365,
                  "p50_ms": 0.19299149999999998,
                  "p95_ms": 0.4044327499999999,
                  "p99_ms": 0.46677855,
                  "total_time_ms": 2.153847
                },
                "interval": {
                  "count": 11,
                  "mean_ms": 0.3004271818181819,
                  "std_ms": 0.9183918499809445,
                  "min_ms": -0.232185,
                  "max_ms": 2.701789,
                  "p50_ms": -0.091155,
                  "p95_ms": 2.183352,
                  "p99_ms": 2.5981016000000006,
                  "positive_count": 2,
                  "negative_count": 9,
                  "positive_mean_ms": 2.183352,
                  "negative_mean_ms": -0.11800055555555554
                }
              },
              "AllGather": {
                "duration": {
                  "count": 265,
                  "mean_ms": 1.8192644226415093,
                  "std_ms": 16.248696148991545,
                  "min_ms": 0.007872,
                  "max_ms": 161.913493,
                  "p50_ms": 0.062336,
                  "p95_ms": 0.0766974,
                  "p99_ms": 53.49420148000181,
                  "total_time_ms": 482.10507199999984
                },
                "interval": {
                  "count": 264,
                  "mean_ms": -1.1453273257575758,
                  "std_ms": 12.94960076297263,
                  "min_ms": -159.334662,
                  "max_ms": 5.13698,
                  "p50_ms": -0.0326225,
                  "p95_ms": 0.0019719,
                  "p99_ms": 0.0021481,
                  "positive_count": 66,
                  "negative_count": 198,
                  "positive_mean_ms": 0.09016310606060607,
                  "negative_mean_ms": -1.5571574696969694
                }
              }
            }
          },
          "iter_18": {
            "total_events": 1039,
            "per_operation": {
              "AllGather": {
                "duration": {
                  "count": 971,
                  "mean_ms": 0.903198606591143,
                  "std_ms": 0.7080341473186748,
                  "min_ms": 0.179807,
                  "max_ms": 5.292664,
                  "p50_ms": 0.675007,
                  "p95_ms": 2.3309085,
                  "p99_ms": 4.499490099999997,
                  "total_time_ms": 877.005847
                },
                "interval": {
                  "count": 970,
                  "mean_ms": 0.39952212061855663,
                  "std_ms": 6.240920937155605,
                  "min_ms": -5.149797,
                  "max_ms": 56.649019,
                  "p50_ms": -0.5561705,
                  "p95_ms": 1.4884132999999977,
                  "p99_ms": 50.210886109999976,
                  "positive_count": 141,
                  "negative_count": 829,
                  "positive_mean_ms": 6.94350434751773,
                  "negative_mean_ms": -0.713507425814234
                }
              },
              "ReduceScatter": {
                "duration": {
                  "count": 68,
                  "mean_ms": 3.871274735294118,
                  "std_ms": 0.9661190976155369,
                  "min_ms": 0.821727,
                  "max_ms": 7.501044,
                  "p50_ms": 3.9328035000000003,
                  "p95_ms": 4.2982253,
                  "p99_ms": 7.25103953,
                  "total_time_ms": 263.246682
                },
                "interval": {
                  "count": 67,
                  "mean_ms": 14.173259865671643,
                  "std_ms": 33.15302656219202,
                  "min_ms": -7.145759,
                  "max_ms": 83.907436,
                  "p50_ms": -3.738548,
                  "p95_ms": 81.06730129999997,
                  "p99_ms": 83.44872676,
                  "positive_count": 16,
                  "negative_count": 51,
                  "positive_mean_ms": 71.3585474375,
                  "negative_mean_ms": -3.767222509803922
                }
              }
            }
          },
          "iter_19": {
            "total_events": 286,
            "per_operation": {
              "AllReduce": {
                "duration": {
                  "count": 12,
                  "mean_ms": 0.24963900000000003,
                  "std_ms": 0.23392759449881065,
                  "min_ms": 0.008832,
                  "max_ms": 0.779805,
                  "p50_ms": 0.23179149999999998,
                  "p95_ms": 0.6516945999999998,
                  "p99_ms": 0.7541829200000001,
                  "total_time_ms": 2.995668
                },
                "interval": {
                  "count": 11,
                  "mean_ms": 0.24440872727272722,
                  "std_ms": 0.9338551207670949,
                  "min_ms": -0.547097,
                  "max_ms": 2.710399,
                  "p50_ms": -0.025631,
                  "p95_ms": 2.1213565,
                  "p99_ms": 2.5925905,
                  "positive_count": 2,
                  "negative_count": 9,
                  "positive_mean_ms": 2.1213565,
                  "negative_mean_ms": -0.17269077777777778
                }
              },
              "AllGather": {
                "duration": {
                  "count": 274,
                  "mean_ms": 1.850549715328467,
                  "std_ms": 16.549726605181494,
                  "min_ms": 0.008,
                  "max_ms": 167.085335,
                  "p50_ms": 0.059552,
                  "p95_ms": 0.10364539999999917,
                  "p99_ms": 42.436928759997514,
                  "total_time_ms": 507.0506219999999
                },
                "interval": {
                  "count": 273,
                  "mean_ms": -1.1749582673992673,
                  "std_ms": 13.214630800434838,
                  "min_ms": -166.661119,
                  "max_ms": 3.557497,
                  "p50_ms": -0.055286,
                  "p95_ms": 0.0023564,
                  "p99_ms": 0.5443695599999802,
                  "positive_count": 68,
                  "negative_count": 205,
                  "positive_mean_ms": 0.09889307352941176,
                  "negative_mean_ms": -1.5975040780487806
                }
              }
            }
          },
          "iter_20": {
            "total_events": 1038,
            "per_operation": {
              "AllGather": {
                "duration": {
                  "count": 970,
                  "mean_ms": 1.0899516711340205,
                  "std_ms": 1.1263424344539357,
                  "min_ms": 0.18064,
                  "max_ms": 13.938401,
                  "p50_ms": 0.7342534999999999,
                  "p95_ms": 3.60168,
                  "p99_ms": 4.774411149999997,
                  "total_time_ms": 1057.2531209999988
                },
                "interval": {
                  "count": 969,
                  "mean_ms": 0.22573290608875135,
                  "std_ms": 6.28267673180243,
                  "min_ms": -13.761392,
                  "max_ms": 57.121786,
                  "p50_ms": -0.571773,
                  "p95_ms": 1.3225347999999983,
                  "p99_ms": 50.179354399999994,
                  "positive_count": 125,
                  "negative_count": 844,
                  "positive_mean_ms": 7.496033927999998,
                  "negative_mean_ms": -0.8510296860189573
                }
              },
              "ReduceScatter": {
                "duration": {
                  "count": 68,
                  "mean_ms": 4.177292044117646,
                  "std_ms": 1.9709254376749117,
                  "min_ms": 0.820638,
                  "max_ms": 14.238208,
                  "p50_ms": 3.903076,
                  "p95_ms": 5.01844715,
                  "p99_ms": 14.121455139999998,
                  "total_time_ms": 284.05585900000005
                },
                "interval": {
                  "count": 67,
                  "mean_ms": 14.024703820895517,
                  "std_ms": 33.30320929671493,
                  "min_ms": -14.047256,
                  "max_ms": 84.228541,
                  "p50_ms": -3.635733,
                  "p95_ms": 80.72765979999997,
                  "p99_ms": 83.73941500000001,
                  "positive_count": 16,
                  "negative_count": 51,
                  "positive_mean_ms": 71.44069681250001,
                  "negative_mean_ms": -3.988156725490196
                }
              }
            }
          },
          "iter_21": {
            "total_events": 276,
            "per_operation": {
              "AllReduce": {
                "duration": {
                  "count": 12,
                  "mean_ms": 0.26469208333333333,
                  "std_ms": 0.24797701786000867,
                  "min_ms": 0.008767,
                  "max_ms": 0.85046,
                  "p50_ms": 0.1914235,
                  "p95_ms": 0.7339303999999999,
                  "p99_ms": 0.8271540800000001,
                  "total_time_ms": 3.176305
                },
                "interval": {
                  "count": 11,
                  "mean_ms": 0.21852790909090913,
                  "std_ms": 0.9243143148560012,
                  "min_ms": -0.638897,
                  "max_ms": 2.56556,
                  "p50_ms": -0.107757,
                  "p95_ms": 2.095526,
                  "p99_ms": 2.4715532000000007,
                  "positive_count": 2,
                  "negative_count": 9,
                  "positive_mean_ms": 2.095526,
                  "negative_mean_ms": -0.1985827777777778
                }
              },
              "AllGather": {
                "duration": {
                  "count": 264,
                  "mean_ms": 1.823774662878788,
                  "std_ms": 16.49937623177252,
                  "min_ms": 0.010272,
                  "max_ms": 163.959979,
                  "p50_ms": 0.0585115,
                  "p95_ms": 0.0733072,
                  "p99_ms": 56.18373209000069,
                  "total_time_ms": 481.47651100000013
                },
                "interval": {
                  "count": 263,
                  "mean_ms": -1.1701682205323194,
                  "std_ms": 13.156687194738808,
                  "min_ms": -152.628506,
                  "max_ms": 4.704849,
                  "p50_ms": -0.054342,
                  "p95_ms": 0.001044,
                  "p99_ms": 0.0013917600000000001,
                  "positive_count": 61,
                  "negative_count": 202,
                  "positive_mean_ms": 0.0777367868852459,
                  "negative_mean_ms": -1.547010821782178
                }
              }
            }
          },
          "iter_22": {
            "total_events": 1040,
            "per_operation": {
              "AllGather": {
                "duration": {
                  "count": 972,
                  "mean_ms": 1.0057289516460906,
                  "std_ms": 0.8754014520842942,
                  "min_ms": 0.184768,
                  "max_ms": 8.362768,
                  "p50_ms": 0.750286,
                  "p95_ms": 2.615437549999994,
                  "p99_ms": 5.3322837699999965,
                  "total_time_ms": 977.5685410000001
                },
                "interval": {
                  "count": 971,
                  "mean_ms": 0.310202113285273,
                  "std_ms": 6.256915979996398,
                  "min_ms": -7.931314,
                  "max_ms": 57.871894,
                  "p50_ms": -0.58188,
                  "p95_ms": 1.3588715,
                  "p99_ms": 50.02938929999999,
                  "positive_count": 135,
                  "negative_count": 836,
                  "positive_mean_ms": 7.060984288888889,
                  "negative_mean_ms": -0.7799361566985645
                }
              },
              "ReduceScatter": {
                "duration": {
                  "count": 68,
                  "mean_ms": 4.124685573529412,
                  "std_ms": 1.4280601390347296,
                  "min_ms": 0.819038,
                  "max_ms": 9.069963,
                  "p50_ms": 3.949786,
                  "p95_ms": 7.5542485999999975,
                  "p99_ms": 8.95367311,
                  "total_time_ms": 280.478619
                },
                "interval": {
                  "count": 67,
                  "mean_ms": 14.209562835820895,
                  "std_ms": 33.53900229272239,
                  "min_ms": -8.384869,
                  "max_ms": 87.606677,
                  "p50_ms": -3.640336,
                  "p95_ms": 80.96513489999997,
                  "p99_ms": 85.34549324000001,
                  "positive_count": 16,
                  "negative_count": 51,
                  "positive_mean_ms": 72.04097725000001,
                  "negative_mean_ms": -3.933626
                }
              }
            }
          },
          "iter_23": {
            "total_events": 276,
            "per_operation": {
              "AllReduce": {
                "duration": {
                  "count": 12,
                  "mean_ms": 0.22399899999999998,
                  "std_ms": 0.15803820169766972,
                  "min_ms": 0.009536,
                  "max_ms": 0.454686,
                  "p50_ms": 0.24697550000000001,
                  "p95_ms": 0.4464316,
                  "p99_ms": 0.45303512,
                  "total_time_ms": 2.687988
                },
                "interval": {
                  "count": 11,
                  "mean_ms": 0.25680136363636363,
                  "std_ms": 0.9349486890167991,
                  "min_ms": -0.404099,
                  "max_ms": 2.679559,
                  "p50_ms": -0.073305,
                  "p95_ms": 2.167221,
                  "p99_ms": 2.5770914,
                  "positive_count": 2,
                  "negative_count": 9,
                  "positive_mean_ms": 2.167221,
                  "negative_mean_ms": -0.16773633333333332
                }
              },
              "AllGather": {
                "duration": {
                  "count": 264,
                  "mean_ms": 1.8785476704545456,
                  "std_ms": 17.06005740117824,
                  "min_ms": 0.007967,
                  "max_ms": 166.451642,
                  "p50_ms": 0.058415999999999996,
                  "p95_ms": 0.0693936,
                  "p99_ms": 57.141011690000695,
                  "total_time_ms": 495.936585
                },
                "interval": {
                  "count": 263,
                  "mean_ms": -1.218181566539924,
                  "std_ms": 13.745885551301791,
                  "min_ms": -162.414958,
                  "max_ms": 4.761014,
                  "p50_ms": -0.054167,
                  "p95_ms": 0.0004467999999999986,
                  "p99_ms": 0.0007845399999999999,
                  "positive_count": 30,
                  "negative_count": 233,
                  "positive_mean_ms": 0.15907203333333336,
                  "negative_mean_ms": -1.395510356223176
                }
              }
            }
          },
          "iter_24": {
            "total_events": 1040,
            "per_operation": {
              "AllGather": {
                "duration": {
                  "count": 972,
                  "mean_ms": 1.0625919506172838,
                  "std_ms": 0.7903489150438882,
                  "min_ms": 0.184128,
                  "max_ms": 5.612575,
                  "p50_ms": 0.7500629999999999,
                  "p95_ms": 2.621269999999997,
                  "p99_ms": 4.516042839999998,
                  "total_time_ms": 1032.839375999999
                },
                "interval": {
                  "count": 971,
                  "mean_ms": 0.25305443563336766,
                  "std_ms": 6.279462183682378,
                  "min_ms": -5.088689,
                  "max_ms": 57.48932,
                  "p50_ms": -0.584135,
                  "p95_ms": 1.580823,
                  "p99_ms": 50.32717269999999,
                  "positive_count": 130,
                  "negative_count": 841,
                  "positive_mean_ms": 7.294183499999999,
                  "negative_mean_ms": -0.8353483923900118
                }
              },
              "ReduceScatter": {
                "duration": {
                  "count": 68,
                  "mean_ms": 4.384390044117646,
                  "std_ms": 1.3815450423915356,
                  "min_ms": 0.822012,
                  "max_ms": 8.100721,
                  "p50_ms": 4.141393000000001,
                  "p95_ms": 7.1998757499999995,
                  "p99_ms": 7.603365259999999,
                  "total_time_ms": 298.13852299999996
                },
                "interval": {
                  "count": 67,
                  "mean_ms": 13.907467656716417,
                  "std_ms": 33.49735953786449,
                  "min_ms": -7.342211,
                  "max_ms": 86.270877,
                  "p50_ms": -3.663482,
                  "p95_ms": 81.16882099999998,
                  "p99_ms": 84.77210016000001,
                  "positive_count": 16,
                  "negative_count": 51,
                  "positive_mean_ms": 71.67024831250001,
                  "negative_mean_ms": -4.2141890196078435
                }
              }
            }
          },
          "iter_25": {
            "total_events": 277,
            "per_operation": {
              "AllReduce": {
                "duration": {
                  "count": 12,
                  "mean_ms": 0.1931324166666667,
                  "std_ms": 0.1642086941980937,
                  "min_ms": 0.008864,
                  "max_ms": 0.562781,
                  "p50_ms": 0.23487799999999998,
                  "p95_ms": 0.4222284999999998,
                  "p99_ms": 0.5346705000000002,
                  "total_time_ms": 2.3175890000000003
                },
                "interval": {
                  "count": 11,
                  "mean_ms": 0.27490990909090907,
                  "std_ms": 0.889292752375469,
                  "min_ms": -0.292782,
                  "max_ms": 2.570261,
                  "p50_ms": -0.032716,
                  "p95_ms": 2.0976665,
                  "p99_ms": 2.4757421,
                  "positive_count": 2,
                  "negative_count": 9,
                  "positive_mean_ms": 2.0976665,
                  "negative_mean_ms": -0.1301471111111111
                }
              },
              "AllGather": {
                "duration": {
                  "count": 265,
                  "mean_ms": 1.8663336301886793,
                  "std_ms": 16.705428373617753,
                  "min_ms": 0.007936,
                  "max_ms": 163.288268,
                  "p50_ms": 0.061984,
                  "p95_ms": 0.0793856,
                  "p99_ms": 58.435783640002015,
                  "total_time_ms": 494.578412
                },
                "interval": {
                  "count": 264,
                  "mean_ms": -1.1898100795454545,
                  "std_ms": 13.46052572085568,
                  "min_ms": -157.824854,
                  "max_ms": 5.076378,
                  "p50_ms": -0.0323805,
                  "p95_ms": 0.0020104000000000003,
                  "p99_ms": 0.002461460000000001,
                  "positive_count": 66,
                  "negative_count": 198,
                  "positive_mean_ms": 0.08843069696969698,
                  "negative_mean_ms": -1.6158903383838383
                }
              }
            }
          },
          "iter_26": {
            "total_events": 1039,
            "per_operation": {
              "AllGather": {
                "duration": {
                  "count": 971,
                  "mean_ms": 1.0291253398558187,
                  "std_ms": 0.8842853090483856,
                  "min_ms": 0.185792,
                  "max_ms": 9.273555,
                  "p50_ms": 0.748285,
                  "p95_ms": 3.412198,
                  "p99_ms": 4.691753899999986,
                  "total_time_ms": 999.280705
                },
                "interval": {
                  "count": 970,
                  "mean_ms": 0.2894647649484537,
                  "std_ms": 6.2508519317369835,
                  "min_ms": -7.789555,
                  "max_ms": 57.64364,
                  "p50_ms": -0.566543,
                  "p95_ms": 1.3537993999999989,
                  "p99_ms": 50.12204375999999,
                  "positive_count": 122,
                  "negative_count": 848,
                  "positive_mean_ms": 7.686653213114753,
                  "negative_mean_ms": -0.7747533844339622
                }
              },
              "ReduceScatter": {
                "duration": {
                  "count": 68,
                  "mean_ms": 4.053330264705882,
                  "std_ms": 1.4104360628429946,
                  "min_ms": 0.833086,
                  "max_ms": 12.329135,
                  "p50_ms": 3.947572,
                  "p95_ms": 5.283807749999999,
                  "p99_ms": 9.430691549999992,
                  "total_time_ms": 275.6264580000001
                },
                "interval": {
                  "count": 67,
                  "mean_ms": 14.250633328358209,
                  "std_ms": 33.42868804308184,
                  "min_ms": -8.029737,
                  "max_ms": 86.694406,
                  "p50_ms": -3.659415,
                  "p95_ms": 81.68128539999998,
                  "p99_ms": 85.58896078000001,
                  "positive_count": 16,
                  "negative_count": 51,
                  "positive_mean_ms": 71.88227212500001,
                  "negative_mean_ms": -3.8298808039215677
                }
              }
            }
          },
          "iter_27": {
            "total_events": 276,
            "per_operation": {
              "AllReduce": {
                "duration": {
                  "count": 12,
                  "mean_ms": 0.26422816666666665,
                  "std_ms": 0.21664405224193337,
                  "min_ms": 0.009184,
                  "max_ms": 0.758141,
                  "p50_ms": 0.225503,
                  "p95_ms": 0.5988961999999998,
                  "p99_ms": 0.7262920400000001,
                  "total_time_ms": 3.1707379999999996
                },
                "interval": {
                  "count": 11,
                  "mean_ms": 0.2375742727272728,
                  "std_ms": 0.953428990960722,
                  "min_ms": -0.469202,
                  "max_ms": 2.69621,
                  "p50_ms": -0.117205,
                  "p95_ms": 2.179696,
                  "p99_ms": 2.592907200000001,
                  "positive_count": 2,
                  "negative_count": 9,
                  "positive_mean_ms": 2.179696,
                  "negative_mean_ms": -0.19400833333333334
                }
              },
              "AllGather": {
                "duration": {
                  "count": 264,
                  "mean_ms": 1.8707696477272726,
                  "std_ms": 16.927188398828473,
                  "min_ms": 0.007936,
                  "max_ms": 164.358309,
                  "p50_ms": 0.059312000000000004,
                  "p95_ms": 0.0808944,
                  "p99_ms": 57.52900547000069,
                  "total_time_ms": 493.88318699999957
                },
                "interval": {
                  "count": 263,
                  "mean_ms": -1.213482908745247,
                  "std_ms": 13.676531900531849,
                  "min_ms": -160.744195,
                  "max_ms": 5.251623,
                  "p50_ms": -0.054415,
                  "p95_ms": 0.0021565,
                  "p99_ms": 0.00247704,
                  "positive_count": 65,
                  "negative_count": 198,
                  "positive_mean_ms": 0.08239476923076923,
                  "negative_mean_ms": -1.638897297979798
                }
              }
            }
          },
          "iter_28": {
            "total_events": 1040,
            "per_operation": {
              "AllGather": {
                "duration": {
                  "count": 972,
                  "mean_ms": 1.0415544670781893,
                  "std_ms": 0.9605929672723793,
                  "min_ms": 0.186879,
                  "max_ms": 10.023698,
                  "p50_ms": 0.7272135,
                  "p95_ms": 3.3925955499999976,
                  "p99_ms": 5.05256217,
                  "total_time_ms": 1012.3909420000011
                },
                "interval": {
                  "count": 971,
                  "mean_ms": 0.2700899618949535,
                  "std_ms": 6.264382490897561,
                  "min_ms": -7.371007,
                  "max_ms": 57.571094,
                  "p50_ms": -0.577314,
                  "p95_ms": 1.383036,
                  "p99_ms": 50.10741739999999,
                  "positive_count": 128,
                  "negative_count": 843,
                  "positive_mean_ms": 7.3953046171875005,
                  "negative_mean_ms": -0.8117931648873072
                }
              },
              "ReduceScatter": {
                "duration": {
                  "count": 68,
                  "mean_ms": 4.143114235294118,
                  "std_ms": 1.397160178113996,
                  "min_ms": 0.813823,
                  "max_ms": 10.177618,
                  "p50_ms": 4.007386,
                  "p95_ms": 6.462498649999998,
                  "p99_ms": 9.445314029999999,
                  "total_time_ms": 281.7317680000001
                },
                "interval": {
                  "count": 67,
                  "mean_ms": 14.165568641791047,
                  "std_ms": 33.46537695828884,
                  "min_ms": -9.067865,
                  "max_ms": 86.474974,
                  "p50_ms": -3.645538,
                  "p95_ms": 81.23790889999998,
                  "p99_ms": 84.70765636000002,
                  "positive_count": 16,
                  "negative_count": 51,
                  "positive_mean_ms": 71.8929039375,
                  "negative_mean_ms": -3.944967921568627
                }
              }
            }
          },
          "iter_29": {
            "total_events": 276,
            "per_operation": {
              "AllReduce": {
                "duration": {
                  "count": 12,
                  "mean_ms": 0.24022825000000003,
                  "std_ms": 0.24200469824816936,
                  "min_ms": 0.009344,
                  "max_ms": 0.908732,
                  "p50_ms": 0.2113755,
                  "p95_ms": 0.6210957499999996,
                  "p99_ms": 0.8512047500000003,
                  "total_time_ms": 2.8827390000000004
                },
                "interval": {
                  "count": 11,
                  "mean_ms": 0.27354381818181817,
                  "std_ms": 0.9289725400596488,
                  "min_ms": -0.386291,
                  "max_ms": 2.686381,
                  "p50_ms": -0.074294,
                  "p95_ms": 2.1710434999999997,
                  "p99_ms": 2.5833135,
                  "positive_count": 2,
                  "negative_count": 9,
                  "positive_mean_ms": 2.1710434999999997,
                  "negative_mean_ms": -0.14812277777777777
                }
              },
              "AllGather": {
                "duration": {
                  "count": 264,
                  "mean_ms": 1.875336772727273,
                  "std_ms": 16.970123159518863,
                  "min_ms": 0.007968,
                  "max_ms": 166.261754,
                  "p50_ms": 0.059024,
                  "p95_ms": 0.0748112,
                  "p99_ms": 56.570124890000685,
                  "total_time_ms": 495.0889080000008
                },
                "interval": {
                  "count": 263,
                  "mean_ms": -1.212543927756654,
                  "std_ms": 13.642708012396865,
                  "min_ms": -162.460152,
                  "max_ms": 4.964245,
                  "p50_ms": -0.053697,
                  "p95_ms": 0.0006266999999999992,
                  "p99_ms": 0.0010592999999999993,
                  "positive_count": 43,
                  "negative_count": 220,
                  "positive_mean_ms": 0.11587537209302326,
                  "negative_mean_ms": -1.472189518181818
                }
              }
            }
          },
          "iter_30": {
            "total_events": 1040,
            "per_operation": {
              "AllGather": {
                "duration": {
                  "count": 972,
                  "mean_ms": 1.053066177983539,
                  "std_ms": 0.9362631629417586,
                  "min_ms": 0.183104,
                  "max_ms": 10.020275,
                  "p50_ms": 0.7409414999999999,
                  "p95_ms": 3.064408299999968,
                  "p99_ms": 5.063954019999999,
                  "total_time_ms": 1023.5803249999998
                },
                "interval": {
                  "count": 971,
                  "mean_ms": 0.25858978166838326,
                  "std_ms": 6.248424118660215,
                  "min_ms": -9.881899,
                  "max_ms": 57.093099,
                  "p50_ms": -0.582056,
                  "p95_ms": 1.4095935,
                  "p99_ms": 50.15928099999999,
                  "positive_count": 125,
                  "negative_count": 846,
                  "positive_mean_ms": 7.504887152,
                  "negative_mean_ms": -0.8120806335697399
                }
              },
              "ReduceScatter": {
                "duration": {
                  "count": 68,
                  "mean_ms": 4.13305894117647,
                  "std_ms": 1.3708609579697681,
                  "min_ms": 0.816862,
                  "max_ms": 10.298212,
                  "p50_ms": 3.904789,
                  "p95_ms": 5.4680672,
                  "p99_ms": 10.08390781,
                  "total_time_ms": 281.0480080000001
                },
                "interval": {
                  "count": 67,
                  "mean_ms": 14.046817059701493,
                  "std_ms": 33.23731874888666,
                  "min_ms": -9.962693,
                  "max_ms": 83.612452,
                  "p50_ms": -3.645494,
                  "p95_ms": 81.04564899999997,
                  "p99_ms": 83.46484894000001,
                  "positive_count": 16,
                  "negative_count": 51,
                  "positive_mean_ms": 71.3774738125,
                  "negative_mean_ms": -3.9392713333333336
                }
              }
            }
          },
          "iter_31": {
            "total_events": 275,
            "per_operation": {
              "AllReduce": {
                "duration": {
                  "count": 12,
                  "mean_ms": 0.28522283333333337,
                  "std_ms": 0.3474837631971297,
                  "min_ms": 0.008864,
                  "max_ms": 1.186554,
                  "p50_ms": 0.16423949999999998,
                  "p95_ms": 0.9015599499999996,
                  "p99_ms": 1.1295551900000003,
                  "total_time_ms": 3.4226739999999998
                },
                "interval": {
                  "count": 11,
                  "mean_ms": 0.23437518181818176,
                  "std_ms": 0.964535610068655,
                  "min_ms": -0.668781,
                  "max_ms": 2.678022,
                  "p50_ms": -0.014888,
                  "p95_ms": 2.1705319999999997,
                  "p99_ms": 2.5765240000000005,
                  "positive_count": 2,
                  "negative_count": 9,
                  "positive_mean_ms": 2.1705319999999997,
                  "negative_mean_ms": -0.1958818888888889
                }
              },
              "AllGather": {
                "duration": {
                  "count": 263,
                  "mean_ms": 1.934072669201521,
                  "std_ms": 17.352785450921893,
                  "min_ms": 0.008383,
                  "max_ms": 168.729844,
                  "p50_ms": 0.062208,
                  "p95_ms": 0.080272,
                  "p99_ms": 60.004255079999304,
                  "total_time_ms": 508.66111199999955
                },
                "interval": {
                  "count": 262,
                  "mean_ms": -1.2549927251908395,
                  "std_ms": 13.994882669764023,
                  "min_ms": -166.711958,
                  "max_ms": 4.807526,
                  "p50_ms": -0.054924,
                  "p95_ms": 0.0019928999999999997,
                  "p99_ms": 0.0021959199999999996,
                  "positive_count": 65,
                  "negative_count": 197,
                  "positive_mean_ms": 0.0754284,
                  "negative_mean_ms": -1.6939641624365482
                }
              }
            }
          },
          "iter_32": {
            "total_events": 1017,
            "per_operation": {
              "AllGather": {
                "duration": {
                  "count": 950,
                  "mean_ms": 1.096740962105263,
                  "std_ms": 1.0897363615135471,
                  "min_ms": 0.007936,
                  "max_ms": 11.375693,
                  "p50_ms": 0.7350695,
                  "p95_ms": 3.4110355499999985,
                  "p99_ms": 5.15558772,
                  "total_time_ms": 1041.903914
                },
                "interval": {
                  "count": 949,
                  "mean_ms": 0.2573854141201265,
                  "std_ms": 6.357870215312765,
                  "min_ms": -10.771854,
                  "max_ms": 57.26848,
                  "p50_ms": -0.572994,
                  "p95_ms": 1.4267807999999995,
                  "p99_ms": 50.18652879999999,
                  "positive_count": 134,
                  "negative_count": 815,
                  "positive_mean_ms": 7.076829111940298,
                  "negative_mean_ms": -0.8638482736196319
                }
              },
              "ReduceScatter": {
                "duration": {
                  "count": 67,
                  "mean_ms": 4.259707671641792,
                  "std_ms": 2.100184968110747,
                  "min_ms": 0.820895,
                  "max_ms": 14.578462,
                  "p50_ms": 3.947817,
                  "p95_ms": 5.1152515,
                  "p99_ms": 14.164711960000002,
                  "total_time_ms": 285.400414
                },
                "interval": {
                  "count": 66,
                  "mean_ms": 14.33355281818182,
                  "std_ms": 33.72528297110563,
                  "min_ms": -13.967588,
                  "max_ms": 84.899875,
                  "p50_ms": -3.656424,
                  "p95_ms": 82.2417995,
                  "p99_ms": 84.66462440000001,
                  "positive_count": 16,
                  "negative_count": 50,
                  "positive_mean_ms": 71.8640325625,
                  "negative_mean_ms": -4.0762007
                }
              }
            }
          },
          "iter_33": {
            "total_events": 208,
            "per_operation": {
              "AllReduce": {
                "duration": {
                  "count": 9,
                  "mean_ms": 0.38303855555555555,
                  "std_ms": 0.29479144195369,
                  "min_ms": 0.114368,
                  "max_ms": 1.001852,
                  "p50_ms": 0.247103,
                  "p95_ms": 0.9035224,
                  "p99_ms": 0.98218608,
                  "total_time_ms": 3.4473469999999997
                },
                "interval": {
                  "count": 8,
                  "mean_ms": 0.27014312500000004,
                  "std_ms": 1.0862084041567988,
                  "min_ms": -0.757026,
                  "max_ms": 2.541885,
                  "p50_ms": -0.162705,
                  "p95_ms": 2.2132867999999997,
                  "p99_ms": 2.4761653599999995,
                  "positive_count": 2,
                  "negative_count": 6,
                  "positive_mean_ms": 2.0724590000000003,
                  "negative_mean_ms": -0.3306288333333333
                }
              },
              "AllGather": {
                "duration": {
                  "count": 199,
                  "mean_ms": 1.7790170502512563,
                  "std_ms": 16.849849824924338,
                  "min_ms": 0.007968,
                  "max_ms": 173.58007,
                  "p50_ms": 0.05936,
                  "p95_ms": 0.0791423,
                  "p99_ms": 8.847667940001623,
                  "total_time_ms": 354.024393
                },
                "interval": {
                  "count": 198,
                  "mean_ms": -0.8261552878787881,
                  "std_ms": 11.644920123307744,
                  "min_ms": -164.204188,
                  "max_ms": 4.591394,
                  "p50_ms": -0.0085715,
                  "p95_ms": 0.002027099999999999,
                  "p99_ms": 0.021173630000000717,
                  "positive_count": 66,
                  "negative_count": 132,
                  "positive_mean_ms": 0.08050915151515152,
                  "negative_mean_ms": -1.2794875075757572
                }
              }
            }
          },
          "iter_34": {
            "total_events": 911,
            "per_operation": {
              "AllGather": {
                "duration": {
                  "count": 846,
                  "mean_ms": 0.9447376572104018,
                  "std_ms": 0.6943289176698495,
                  "min_ms": 0.187583,
                  "max_ms": 5.569144,
                  "p50_ms": 0.7047155,
                  "p95_ms": 2.153645,
                  "p99_ms": 4.360586199999986,
                  "total_time_ms": 799.2480579999994
                },
                "interval": {
                  "count": 845,
                  "mean_ms": 0.57425344852071,
                  "std_ms": 6.68041970321952,
                  "min_ms": -5.390036,
                  "max_ms": 57.625558,
                  "p50_ms": -0.538252,
                  "p95_ms": 2.0076791999999974,
                  "p99_ms": 50.678781319999956,
                  "positive_count": 156,
                  "negative_count": 689,
                  "positive_mean_ms": 6.252286262820513,
                  "negative_mean_ms": -0.7113388867924528
                }
              },
              "ReduceScatter": {
                "duration": {
                  "count": 65,
                  "mean_ms": 4.145661015384616,
                  "std_ms": 1.049023066154344,
                  "min_ms": 0.938495,
                  "max_ms": 7.030966,
                  "p50_ms": 3.916059,
                  "p95_ms": 6.247949599999998,
                  "p99_ms": 6.92285208,
                  "total_time_ms": 269.467966
                },
                "interval": {
                  "count": 64,
                  "mean_ms": 15.091624843750001,
                  "std_ms": 34.19672398729708,
                  "min_ms": -6.631885,
                  "max_ms": 85.104007,
                  "p50_ms": -3.6417755,
                  "p95_ms": 82.15647784999996,
                  "p99_ms": 84.90195150999999,
                  "positive_count": 16,
                  "negative_count": 48,
                  "positive_mean_ms": 72.3047690625,
                  "negative_mean_ms": -3.9794232291666667
                }
              }
            }
          },
          "iter_35": {
            "total_events": 207,
            "per_operation": {
              "AllReduce": {
                "duration": {
                  "count": 9,
                  "mean_ms": 0.22056466666666666,
                  "std_ms": 0.2933729739052321,
                  "min_ms": 0.00944,
                  "max_ms": 0.976639,
                  "p50_ms": 0.12928,
                  "p95_ms": 0.7513837999999998,
                  "p99_ms": 0.93158796,
                  "total_time_ms": 1.9850820000000002
                },
                "interval": {
                  "count": 8,
                  "mean_ms": 0.48975112500000006,
                  "std_ms": 1.0871059881259781,
                  "min_ms": -0.413458,
                  "max_ms": 2.863665,
                  "p50_ms": -0.009891,
                  "p95_ms": 2.4649568999999993,
                  "p99_ms": 2.78392338,
                  "positive_count": 2,
                  "negative_count": 6,
                  "positive_mean_ms": 2.294082,
                  "negative_mean_ms": -0.11169250000000001
                }
              },
              "AllGather": {
                "duration": {
                  "count": 198,
                  "mean_ms": 1.7586080909090913,
                  "std_ms": 16.926569940029466,
                  "min_ms": 0.008032,
                  "max_ms": 170.496707,
                  "p50_ms": 0.062112,
                  "p95_ms": 0.07719999999999999,
                  "p99_ms": 5.258863180000191,
                  "total_time_ms": 348.2044020000006
                },
                "interval": {
                  "count": 197,
                  "mean_ms": -0.8523693654822333,
                  "std_ms": 11.954919718329716,
                  "min_ms": -168.140576,
                  "max_ms": 5.180501,
                  "p50_ms": -0.009912,
                  "p95_ms": 0.0008173999999999999,
                  "p99_ms": 0.0009457599999999995,
                  "positive_count": 40,
                  "negative_count": 157,
                  "positive_mean_ms": 0.13006075,
                  "negative_mean_ms": -1.1026700318471339
                }
              }
            }
          },
          "iter_36": {
            "total_events": 780,
            "per_operation": {
              "AllGather": {
                "duration": {
                  "count": 729,
                  "mean_ms": 0.9230516611796981,
                  "std_ms": 0.7604127706672745,
                  "min_ms": 0.185312,
                  "max_ms": 5.135273,
                  "p50_ms": 0.705727,
                  "p95_ms": 2.4827456000000003,
                  "p99_ms": 4.55499568,
                  "total_time_ms": 672.9046610000004
                },
                "interval": {
                  "count": 728,
                  "mean_ms": 0.8227993324175825,
                  "std_ms": 7.153221087392104,
                  "min_ms": -5.109058,
                  "max_ms": 57.602097,
                  "p50_ms": -0.522076,
                  "p95_ms": 7.6201392,
                  "p99_ms": 50.7918043,
                  "positive_count": 162,
                  "negative_count": 566,
                  "positive_mean_ms": 6.127864166666666,
                  "negative_mean_ms": -0.6956114505300354
                }
              },
              "ReduceScatter": {
                "duration": {
                  "count": 51,
                  "mean_ms": 3.800055686274509,
                  "std_ms": 1.0623446091231044,
                  "min_ms": 0.820735,
                  "max_ms": 8.105873,
                  "p50_ms": 3.778735,
                  "p95_ms": 4.237434,
                  "p99_ms": 7.768216000000001,
                  "total_time_ms": 193.80283999999997
                },
                "interval": {
                  "count": 50,
                  "mean_ms": 20.466441819999996,
                  "std_ms": 36.56356693517246,
                  "min_ms": -7.413744,
                  "max_ms": 84.833401,
                  "p50_ms": -3.604686,
                  "p95_ms": 83.46019104999999,
                  "p99_ms": 84.70546837,
                  "positive_count": 16,
                  "negative_count": 34,
                  "positive_mean_ms": 71.7523894375,
                  "negative_mean_ms": -3.6681217647058824
                }
              }
            }
          },
          "iter_37": {
            "total_events": 207,
            "per_operation": {
              "AllReduce": {
                "duration": {
                  "count": 9,
                  "mean_ms": 0.21491111111111116,
                  "std_ms": 0.24117822492756236,
                  "min_ms": 0.02208,
                  "max_ms": 0.852636,
                  "p50_ms": 0.103583,
                  "p95_ms": 0.6302759999999997,
                  "p99_ms": 0.8081639999999999,
                  "total_time_ms": 1.9342000000000001
                },
                "interval": {
                  "count": 8,
                  "mean_ms": 0.45132425000000004,
                  "std_ms": 1.0054627501108322,
                  "min_ms": -0.297019,
                  "max_ms": 2.651368,
                  "p50_ms": -0.07134199999999999,
                  "p95_ms": 2.2846488499999995,
                  "p99_ms": 2.57802417,
                  "positive_count": 2,
                  "negative_count": 6,
                  "positive_mean_ms": 2.1274835000000003,
                  "negative_mean_ms": -0.10739550000000002
                }
              },
              "AllGather": {
                "duration": {
                  "count": 198,
                  "mean_ms": 1.6960681313131312,
                  "std_ms": 16.239400454828715,
                  "min_ms": 0.008384,
                  "max_ms": 162.809399,
                  "p50_ms": 0.059824,
                  "p95_ms": 0.07366864999999997,
                  "p99_ms": 5.7445552200001835,
                  "total_time_ms": 335.82149000000015
                },
                "interval": {
                  "count": 197,
                  "mean_ms": -0.828103411167513,
                  "std_ms": 11.524808080668096,
                  "min_ms": -162.100816,
                  "max_ms": 4.800715,
                  "p50_ms": -0.008563,
                  "p95_ms": 0.0020002,
                  "p99_ms": 0.0022601599999999998,
                  "positive_count": 65,
                  "negative_count": 132,
                  "positive_mean_ms": 0.07529290769230769,
                  "negative_mean_ms": -1.2729576590909093
                }
              }
            }
          },
          "iter_38": {
            "total_events": 780,
            "per_operation": {
              "AllGather": {
                "duration": {
                  "count": 729,
                  "mean_ms": 0.8879679451303156,
                  "std_ms": 0.7566323166309209,
                  "min_ms": 0.184896,
                  "max_ms": 6.404292,
                  "p50_ms": 0.687004,
                  "p95_ms": 2.483545600000002,
                  "p99_ms": 4.734450560000003,
                  "total_time_ms": 647.3286319999997
                },
                "interval": {
                  "count": 728,
                  "mean_ms": 0.8535279835164835,
                  "std_ms": 7.15683212395238,
                  "min_ms": -5.120749,
                  "max_ms": 56.992104,
                  "p50_ms": -0.5133745000000001,
                  "p95_ms": 7.6753110499999995,
                  "p99_ms": 50.991085700000006,
                  "positive_count": 154,
                  "negative_count": 574,
                  "positive_mean_ms": 6.422156318181818,
                  "negative_mean_ms": -0.6404942526132404
                }
              },
              "ReduceScatter": {
                "duration": {
                  "count": 51,
                  "mean_ms": 3.784982764705881,
                  "std_ms": 1.0780374288953958,
                  "min_ms": 0.817503,
                  "max_ms": 8.433434,
                  "p50_ms": 3.766939,
                  "p95_ms": 4.214874,
                  "p99_ms": 7.812728,
                  "total_time_ms": 193.034121
                },
                "interval": {
                  "count": 50,
                  "mean_ms": 20.514415640000003,
                  "std_ms": 36.62071956996662,
                  "min_ms": -7.15587,
                  "max_ms": 84.378828,
                  "p50_ms": -3.599601,
                  "p95_ms": 83.12635485000001,
                  "p99_ms": 83.86518501,
                  "positive_count": 16,
                  "negative_count": 34,
                  "positive_mean_ms": 71.888864875,
                  "negative_mean_ms": -3.6617957647058823
                }
              }
            }
          },
          "iter_39": {
            "total_events": 204,
            "per_operation": {
              "AllReduce": {
                "duration": {
                  "count": 9,
                  "mean_ms": 0.23844155555555557,
                  "std_ms": 0.22153001034377615,
                  "min_ms": 0.009408,
                  "max_ms": 0.786396,
                  "p50_ms": 0.179295,
                  "p95_ms": 0.6257831999999999,
                  "p99_ms": 0.75427344,
                  "total_time_ms": 2.1459740000000003
                },
                "interval": {
                  "count": 8,
                  "mean_ms": 0.42629812499999997,
                  "std_ms": 1.0357384662933058,
                  "min_ms": -0.385262,
                  "max_ms": 2.666673,
                  "p50_ms": -0.075714,
                  "p95_ms": 2.308075949999999,
                  "p99_ms": 2.59495359,
                  "positive_count": 2,
                  "negative_count": 6,
                  "positive_mean_ms": 2.1543915,
                  "negative_mean_ms": -0.14973299999999998
                }
              },
              "AllGather": {
                "duration": {
                  "count": 195,
                  "mean_ms": 1.7053936717948717,
                  "std_ms": 16.310360679563452,
                  "min_ms": 0.008384,
                  "max_ms": 162.610525,
                  "p50_ms": 0.057631,
                  "p95_ms": 0.07498239999999998,
                  "p99_ms": 9.770426580000366,
                  "total_time_ms": 332.5517660000002
                },
                "interval": {
                  "count": 194,
                  "mean_ms": -0.8544560927835054,
                  "std_ms": 11.545159791020497,
                  "min_ms": -161.244447,
                  "max_ms": 0.002497,
                  "p50_ms": -0.0087525,
                  "p95_ms": 0.0021532499999999998,
                  "p99_ms": 0.0024484,
                  "positive_count": 64,
                  "negative_count": 130,
                  "positive_mean_ms": 0.0015893749999999999,
                  "negative_mean_ms": -1.2758938615384616
                }
              }
            }
          }
        }
      }
    }
  },
  "aggregated": {
    "overlap": {
      "num_ranks": 1,
      "avg_overlap_percentage": 42.36938408045693,
      "min_overlap_percentage": 42.36938408045693,
      "max_overlap_percentage": 42.36938408045693
    }
  }
}